scenario,path_id,time,calendar_year,temperature_c,G
Base temperature,0,0.0,2026,10.0,1.0
Base temperature,0,1.0,2027,10.0,1.0
Base temperature,0,2.0,2028,10.0,1.0
Base temperature,0,3.0,2029,10.0,1.0
Base temperature,0,4.0,2030,10.0,1.0
Base temperature,0,5.0,2031,10.0,1.0
Base temperature,0,6.0,2032,10.0,1.0
Base temperature,0,7.0,2033,10.0,1.0
Base temperature,0,8.0,2034,10.0,1.0
Base temperature,0,9.0,2035,10.0,1.0
Base temperature,0,10.0,2036,10.0,1.0
Base temperature,0,11.0,2037,10.0,1.0
Base temperature,0,12.0,2038,10.0,1.0
Base temperature,0,13.0,2039,10.0,1.0
Base temperature,0,14.0,2040,10.0,1.0
Base temperature,0,15.0,2041,10.0,1.0
Base temperature,0,16.0,2042,10.0,1.0
Base temperature,0,17.0,2043,10.0,1.0
Base temperature,0,18.0,2044,10.0,1.0
Base temperature,0,19.0,2045,10.0,1.0
Base temperature,0,20.0,2046,10.0,1.0
Base temperature,0,21.0,2047,10.0,1.0
Base temperature,0,22.0,2048,10.0,1.0
Base temperature,0,23.0,2049,10.0,1.0
Base temperature,0,24.0,2050,10.0,1.0
Base temperature,0,25.0,2051,10.0,1.0
Base temperature,0,26.0,2052,10.0,1.0
Base temperature,0,27.0,2053,10.0,1.0
Base temperature,0,28.0,2054,10.0,1.0
Base temperature,0,29.0,2055,10.0,1.0
Base temperature,0,30.0,2056,10.0,1.0
Base temperature,0,31.0,2057,10.0,1.0
Base temperature,0,32.0,2058,10.0,1.0
Base temperature,0,33.0,2059,10.0,1.0
Base temperature,0,34.0,2060,10.0,1.0
Base temperature,0,35.0,2061,10.0,1.0
Base temperature,0,36.0,2062,10.0,1.0
Base temperature,0,37.0,2063,10.0,1.0
Base temperature,0,38.0,2064,10.0,0.976283066725246
Base temperature,0,39.0,2065,10.0,0.955346247381246
Base temperature,0,40.0,2066,10.0,0.9362231525533975
Base temperature,0,41.0,2067,10.0,0.918446254675971
Base temperature,0,42.0,2068,10.0,0.9017867339386547
Base temperature,0,43.0,2069,10.0,0.8862374690195367
Base temperature,0,44.0,2070,10.0,0.8721561192420078
Base temperature,0,45.0,2071,10.0,0.8601676268945092
Base temperature,0,46.0,2072,10.0,0.8500444915724693
Base temperature,0,47.0,2073,10.0,0.840788876013187
Base temperature,0,48.0,2074,10.0,0.8318248055861555
Base temperature,0,49.0,2075,10.0,0.8229681239917863
Base temperature,0,50.0,2076,10.0,0.8141677213869455
Base temperature,0,51.0,2077,10.0,0.8054089334511406
Base temperature,0,52.0,2078,10.0,0.7966872464124689
Base temperature,0,53.0,2079,10.0,0.7880012506944404
Base temperature,0,54.0,2080,10.0,0.7793505914699759
Base temperature,0,55.0,2081,10.0,0.7707353037620738
Base temperature,0,56.0,2082,10.0,0.7621555745362449
Base temperature,0,57.0,2083,10.0,0.753611651398686
Base temperature,0,58.0,2084,10.0,0.7451038060077255
Base temperature,0,59.0,2085,10.0,0.7366323190466851
Base temperature,0,60.0,2086,10.0,0.7281974739690192
Base temperature,0,61.0,2087,10.0,0.7197995543759724
Base temperature,0,62.0,2088,10.0,0.7114388429128622
Base temperature,0,63.0,2089,10.0,0.70311562080353
Base temperature,0,64.0,2090,10.0,0.6948301676537423
Base temperature,0,65.0,2091,10.0,0.6865827613681105
Base temperature,0,66.0,2092,10.0,0.6783736781149716
Base temperature,0,67.0,2093,10.0,0.6702031923115435
Base temperature,0,68.0,2094,10.0,0.662071576617649
Base temperature,0,69.0,2095,10.0,0.6539791019330642
Base temperature,0,70.0,2096,10.0,0.6459260373963979
Base temperature,0,71.0,2097,10.0,0.6379126503846192
Base temperature,0,72.0,2098,10.0,0.6299392065128573
Base temperature,0,73.0,2099,10.0,0.6220059696343179
Base temperature,0,74.0,2100,10.0,0.6141132018402475
Base temperature,1,0.0,2026,10.0,1.0
Base temperature,1,1.0,2027,10.0,1.0
Base temperature,1,2.0,2028,10.0,1.0
Base temperature,1,3.0,2029,10.0,1.0
Base temperature,1,4.0,2030,10.0,1.0
Base temperature,1,5.0,2031,10.0,1.0
Base temperature,1,6.0,2032,10.0,1.0
Base temperature,1,7.0,2033,10.0,1.0
Base temperature,1,8.0,2034,10.0,1.0
Base temperature,1,9.0,2035,10.0,1.0
Base temperature,1,10.0,2036,10.0,1.0
Base temperature,1,11.0,2037,10.0,1.0
Base temperature,1,12.0,2038,10.0,1.0
Base temperature,1,13.0,2039,10.0,1.0
Base temperature,1,14.0,2040,10.0,1.0
Base temperature,1,15.0,2041,10.0,1.0
Base temperature,1,16.0,2042,10.0,1.0
Base temperature,1,17.0,2043,10.0,1.0
Base temperature,1,18.0,2044,10.0,1.0
Base temperature,1,19.0,2045,10.0,1.0
Base temperature,1,20.0,2046,10.0,1.0
Base temperature,1,21.0,2047,10.0,1.0
Base temperature,1,22.0,2048,10.0,1.0
Base temperature,1,23.0,2049,10.0,1.0
Base temperature,1,24.0,2050,10.0,1.0
Base temperature,1,25.0,2051,10.0,1.0
Base temperature,1,26.0,2052,10.0,1.0
Base temperature,1,27.0,2053,10.0,1.0
Base temperature,1,28.0,2054,10.0,1.0
Base temperature,1,29.0,2055,10.0,1.0
Base temperature,1,30.0,2056,10.0,1.0
Base temperature,1,31.0,2057,10.0,1.0
Base temperature,1,32.0,2058,10.0,1.0
Base temperature,1,33.0,2059,10.0,1.0
Base temperature,1,34.0,2060,10.0,1.0
Base temperature,1,35.0,2061,10.0,1.0
Base temperature,1,36.0,2062,10.0,1.0
Base temperature,1,37.0,2063,10.0,1.0
Base temperature,1,38.0,2064,10.0,1.0
Base temperature,1,39.0,2065,10.0,1.0
Base temperature,1,40.0,2066,10.0,1.0
Base temperature,1,41.0,2067,10.0,1.0
Base temperature,1,42.0,2068,10.0,1.0
Base temperature,1,43.0,2069,10.0,1.0
Base temperature,1,44.0,2070,10.0,1.0
Base temperature,1,45.0,2071,10.0,1.0
Base temperature,1,46.0,2072,10.0,1.0
Base temperature,1,47.0,2073,10.0,1.0
Base temperature,1,48.0,2074,10.0,1.0
Base temperature,1,49.0,2075,10.0,1.0
Base temperature,1,50.0,2076,10.0,1.0
Base temperature,1,51.0,2077,10.0,1.0
Base temperature,1,52.0,2078,10.0,1.0
Base temperature,1,53.0,2079,10.0,1.0
Base temperature,1,54.0,2080,10.0,1.0
Base temperature,1,55.0,2081,10.0,1.0
Base temperature,1,56.0,2082,10.0,1.0
Base temperature,1,57.0,2083,10.0,1.0
Base temperature,1,58.0,2084,10.0,1.0
Base temperature,1,59.0,2085,10.0,1.0
Base temperature,1,60.0,2086,10.0,1.0
Base temperature,1,61.0,2087,10.0,1.0
Base temperature,1,62.0,2088,10.0,1.0
Base temperature,1,63.0,2089,10.0,1.0
Base temperature,1,64.0,2090,10.0,0.9675272116650566
Base temperature,1,65.0,2091,10.0,0.9389867552943368
Base temperature,1,66.0,2092,10.0,0.9130255542304803
Base temperature,1,67.0,2093,10.0,0.8889864336958767
Base temperature,1,68.0,2094,10.0,0.8665435136620592
Base temperature,1,69.0,2095,10.0,0.8456728320299604
Base temperature,1,70.0,2096,10.0,0.8268379479645849
Base temperature,1,71.0,2097,10.0,0.8108527144961608
Base temperature,1,72.0,2098,10.0,0.7973915162998036
Base temperature,1,73.0,2099,10.0,0.7851139489750373
Base temperature,1,74.0,2100,10.0,0.7732509518893459
Base temperature,2,0.0,2026,10.0,1.0
Base temperature,2,1.0,2027,10.0,1.0
Base temperature,2,2.0,2028,10.0,1.0
Base temperature,2,3.0,2029,10.0,1.0
Base temperature,2,4.0,2030,10.0,1.0
Base temperature,2,5.0,2031,10.0,1.0
Base temperature,2,6.0,2032,10.0,1.0
Base temperature,2,7.0,2033,10.0,1.0
Base temperature,2,8.0,2034,10.0,1.0
Base temperature,2,9.0,2035,10.0,1.0
Base temperature,2,10.0,2036,10.0,1.0
Base temperature,2,11.0,2037,10.0,1.0
Base temperature,2,12.0,2038,10.0,1.0
Base temperature,2,13.0,2039,10.0,1.0
Base temperature,2,14.0,2040,10.0,1.0
Base temperature,2,15.0,2041,10.0,1.0
Base temperature,2,16.0,2042,10.0,1.0
Base temperature,2,17.0,2043,10.0,1.0
Base temperature,2,18.0,2044,10.0,1.0
Base temperature,2,19.0,2045,10.0,1.0
Base temperature,2,20.0,2046,10.0,1.0
Base temperature,2,21.0,2047,10.0,1.0
Base temperature,2,22.0,2048,10.0,1.0
Base temperature,2,23.0,2049,10.0,1.0
Base temperature,2,24.0,2050,10.0,1.0
Base temperature,2,25.0,2051,10.0,1.0
Base temperature,2,26.0,2052,10.0,1.0
Base temperature,2,27.0,2053,10.0,1.0
Base temperature,2,28.0,2054,10.0,1.0
Base temperature,2,29.0,2055,10.0,1.0
Base temperature,2,30.0,2056,10.0,1.0
Base temperature,2,31.0,2057,10.0,1.0
Base temperature,2,32.0,2058,10.0,1.0
Base temperature,2,33.0,2059,10.0,1.0
Base temperature,2,34.0,2060,10.0,1.0
Base temperature,2,35.0,2061,10.0,1.0
Base temperature,2,36.0,2062,10.0,1.0
Base temperature,2,37.0,2063,10.0,1.0
Base temperature,2,38.0,2064,10.0,1.0
Base temperature,2,39.0,2065,10.0,0.9627145227966705
Base temperature,2,40.0,2066,10.0,0.9300035234480661
Base temperature,2,41.0,2067,10.0,0.9003008074793286
Base temperature,2,42.0,2068,10.0,0.8728446424052194
Base temperature,2,43.0,2069,10.0,0.8472554545681864
Base temperature,2,44.0,2070,10.0,0.8234992361902904
Base temperature,2,45.0,2071,10.0,0.8020954785811367
Base temperature,2,46.0,2072,10.0,0.7839575208577105
Base temperature,2,47.0,2073,10.0,0.7687039178512596
Base temperature,2,48.0,2074,10.0,0.754808418522944
Base temperature,2,49.0,2075,10.0,0.7413979144220537
Base temperature,2,50.0,2076,10.0,0.7281946539618811
Base temperature,2,51.0,2077,10.0,0.7151220288883485
Base temperature,2,52.0,2078,10.0,0.7021583528268074
Base temperature,2,53.0,2079,10.0,0.6892971934798903
Base temperature,2,54.0,2080,10.0,0.6765367690824362
Base temperature,2,55.0,2081,10.0,0.6638768708742729
Base temperature,2,56.0,2082,10.0,0.6513178668013573
Base temperature,2,57.0,2083,10.0,0.6388603459023565
Base temperature,2,58.0,2084,10.0,0.62650498222083
Base temperature,2,59.0,2085,10.0,0.6142524804408499
Base temperature,2,60.0,2086,10.0,0.6021035536347921
Base temperature,2,61.0,2087,10.0,0.590058914034001
Base temperature,2,62.0,2088,10.0,0.5781192691736124
Base temperature,2,63.0,2089,10.0,0.5662853202760685
Base temperature,2,64.0,2090,10.0,0.5545577615719168
Base temperature,2,65.0,2091,10.0,0.542937280014114
Base temperature,2,66.0,2092,10.0,0.5314245551577834
Base temperature,2,67.0,2093,10.0,0.5200202591095957
Base temperature,2,68.0,2094,10.0,0.5087250565064595
Base temperature,2,69.0,2095,10.0,0.497539604506553
Base temperature,2,70.0,2096,10.0,0.4864645527855496
Base temperature,2,71.0,2097,10.0,0.47550054353503196
Base temperature,2,72.0,2098,10.0,0.46464821146182383
Base temperature,2,73.0,2099,10.0,0.4539081837877111
Base temperature,2,74.0,2100,10.0,0.4432810802493231
Base temperature,3,0.0,2026,10.0,1.0
Base temperature,3,1.0,2027,10.0,1.0
Base temperature,3,2.0,2028,10.0,1.0
Base temperature,3,3.0,2029,10.0,1.0
Base temperature,3,4.0,2030,10.0,1.0
Base temperature,3,5.0,2031,10.0,1.0
Base temperature,3,6.0,2032,10.0,1.0
Base temperature,3,7.0,2033,10.0,1.0
Base temperature,3,8.0,2034,10.0,1.0
Base temperature,3,9.0,2035,10.0,1.0
Base temperature,3,10.0,2036,10.0,1.0
Base temperature,3,11.0,2037,10.0,1.0
Base temperature,3,12.0,2038,10.0,1.0
Base temperature,3,13.0,2039,10.0,1.0
Base temperature,3,14.0,2040,10.0,1.0
Base temperature,3,15.0,2041,10.0,1.0
Base temperature,3,16.0,2042,10.0,1.0
Base temperature,3,17.0,2043,10.0,1.0
Base temperature,3,18.0,2044,10.0,1.0
Base temperature,3,19.0,2045,10.0,1.0
Base temperature,3,20.0,2046,10.0,1.0
Base temperature,3,21.0,2047,10.0,1.0
Base temperature,3,22.0,2048,10.0,1.0
Base temperature,3,23.0,2049,10.0,1.0
Base temperature,3,24.0,2050,10.0,1.0
Base temperature,3,25.0,2051,10.0,1.0
Base temperature,3,26.0,2052,10.0,1.0
Base temperature,3,27.0,2053,10.0,1.0
Base temperature,3,28.0,2054,10.0,1.0
Base temperature,3,29.0,2055,10.0,1.0
Base temperature,3,30.0,2056,10.0,1.0
Base temperature,3,31.0,2057,10.0,1.0
Base temperature,3,32.0,2058,10.0,1.0
Base temperature,3,33.0,2059,10.0,1.0
Base temperature,3,34.0,2060,10.0,1.0
Base temperature,3,35.0,2061,10.0,1.0
Base temperature,3,36.0,2062,10.0,1.0
Base temperature,3,37.0,2063,10.0,1.0
Base temperature,3,38.0,2064,10.0,0.9834487238316666
Base temperature,3,39.0,2065,10.0,0.9688023492433623
Base temperature,3,40.0,2066,10.0,0.9553941177430896
Base temperature,3,41.0,2067,10.0,0.9429021037453932
Base temperature,3,42.0,2068,10.0,0.9311698763678887
Base temperature,3,43.0,2069,10.0,0.9201963337371708
Base temperature,3,44.0,2070,10.0,0.9102385994506264
Base temperature,3,45.0,2071,10.0,0.9017451923928537
Base temperature,3,46.0,2072,10.0,0.8945617475609331
Base temperature,3,47.0,2073,10.0,0.8879843656707228
Base temperature,3,48.0,2074,10.0,0.881605264910156
Base temperature,3,49.0,2075,10.0,0.875293775536091
Base temperature,3,50.0,2076,10.0,0.8690135132295476
Base temperature,3,51.0,2077,10.0,0.8627539543633735
Base temperature,3,52.0,2078,10.0,0.8565117856977461
Base temperature,3,53.0,2079,10.0,0.8502859016719164
Base temperature,3,54.0,2080,10.0,0.8440759481346141
Base temperature,3,55.0,2081,10.0,0.8378818494874399
Base temperature,3,56.0,2082,10.0,0.8317036393281174
Base temperature,3,57.0,2083,10.0,0.8255413953835271
Base temperature,3,58.0,2084,10.0,0.819395213401976
Base temperature,3,59.0,2085,10.0,0.8132651964161933
Base temperature,3,60.0,2086,10.0,0.8071514502678878
Base temperature,3,61.0,2087,10.0,0.801054081728694
Base temperature,3,62.0,2088,10.0,0.794973197708113
Base temperature,3,63.0,2089,10.0,0.7889089049189137
Base temperature,3,64.0,2090,10.0,0.7828613097356113
Base temperature,3,65.0,2091,10.0,0.7768305181345664
Base temperature,3,66.0,2092,10.0,0.7708166356686249
Base temperature,3,67.0,2093,10.0,0.7648197674563805
Base temperature,3,68.0,2094,10.0,0.758840018177626
Base temperature,3,69.0,2095,10.0,0.7528774920714294
Base temperature,3,70.0,2096,10.0,0.7469322929353198
Base temperature,3,71.0,2097,10.0,0.7410045241249426
Base temperature,3,72.0,2098,10.0,0.7350942885539126
Base temperature,3,73.0,2099,10.0,0.729201688693756
Base temperature,3,74.0,2100,10.0,0.7233268265738801
Base temperature,4,0.0,2026,10.0,1.0
Base temperature,4,1.0,2027,10.0,1.0
Base temperature,4,2.0,2028,10.0,1.0
Base temperature,4,3.0,2029,10.0,1.0
Base temperature,4,4.0,2030,10.0,1.0
Base temperature,4,5.0,2031,10.0,1.0
Base temperature,4,6.0,2032,10.0,1.0
Base temperature,4,7.0,2033,10.0,1.0
Base temperature,4,8.0,2034,10.0,1.0
Base temperature,4,9.0,2035,10.0,1.0
Base temperature,4,10.0,2036,10.0,1.0
Base temperature,4,11.0,2037,10.0,1.0
Base temperature,4,12.0,2038,10.0,1.0
Base temperature,4,13.0,2039,10.0,1.0
Base temperature,4,14.0,2040,10.0,1.0
Base temperature,4,15.0,2041,10.0,1.0
Base temperature,4,16.0,2042,10.0,1.0
Base temperature,4,17.0,2043,10.0,1.0
Base temperature,4,18.0,2044,10.0,1.0
Base temperature,4,19.0,2045,10.0,1.0
Base temperature,4,20.0,2046,10.0,1.0
Base temperature,4,21.0,2047,10.0,1.0
Base temperature,4,22.0,2048,10.0,1.0
Base temperature,4,23.0,2049,10.0,1.0
Base temperature,4,24.0,2050,10.0,1.0
Base temperature,4,25.0,2051,10.0,1.0
Base temperature,4,26.0,2052,10.0,1.0
Base temperature,4,27.0,2053,10.0,1.0
Base temperature,4,28.0,2054,10.0,1.0
Base temperature,4,29.0,2055,10.0,1.0
Base temperature,4,30.0,2056,10.0,1.0
Base temperature,4,31.0,2057,10.0,1.0
Base temperature,4,32.0,2058,10.0,1.0
Base temperature,4,33.0,2059,10.0,1.0
Base temperature,4,34.0,2060,10.0,1.0
Base temperature,4,35.0,2061,10.0,1.0
Base temperature,4,36.0,2062,10.0,1.0
Base temperature,4,37.0,2063,10.0,1.0
Base temperature,4,38.0,2064,10.0,1.0
Base temperature,4,39.0,2065,10.0,1.0
Base temperature,4,40.0,2066,10.0,1.0
Base temperature,4,41.0,2067,10.0,1.0
Base temperature,4,42.0,2068,10.0,1.0
Base temperature,4,43.0,2069,10.0,1.0
Base temperature,4,44.0,2070,10.0,1.0
Base temperature,4,45.0,2071,10.0,1.0
Base temperature,4,46.0,2072,10.0,1.0
Base temperature,4,47.0,2073,10.0,0.9801086927621409
Base temperature,4,48.0,2074,10.0,0.9625558027698554
Base temperature,4,49.0,2075,10.0,0.9465273519236749
Base temperature,4,50.0,2076,10.0,0.931629221166711
Base temperature,4,51.0,2077,10.0,0.9176681431909659
Base temperature,4,52.0,2078,10.0,0.9046371057563443
Base temperature,4,53.0,2079,10.0,0.8928352045889855
Base temperature,4,54.0,2080,10.0,0.8827860860565043
Base temperature,4,55.0,2081,10.0,0.8742993221139251
Base temperature,4,56.0,2082,10.0,0.8665386214915508
Base temperature,4,57.0,2083,10.0,0.8590210711938097
Base temperature,4,58.0,2084,10.0,0.8515921389666022
Base temperature,4,59.0,2085,10.0,0.8442088172104278
Base temperature,4,60.0,2086,10.0,0.8368586527273533
Base temperature,4,61.0,2087,10.0,0.8295377037448417
Base temperature,4,62.0,2088,10.0,0.8222446324059127
Base temperature,4,63.0,2089,10.0,0.8149789864077517
Base temperature,4,64.0,2090,10.0,0.8077406414636253
Base temperature,4,65.0,2091,10.0,0.8005296017867439
Base temperature,4,66.0,2092,10.0,0.793345923510284
Base temperature,4,67.0,2093,10.0,0.7861896839927688
Base temperature,4,68.0,2094,10.0,0.7790609692088352
Base temperature,4,69.0,2095,10.0,0.77195986849949
Base temperature,4,70.0,2096,10.0,0.7648864723705557
Base temperature,4,71.0,2097,10.0,0.7578408715657795
Base temperature,4,72.0,2098,10.0,0.7508231566757416
Base temperature,4,73.0,2099,10.0,0.743833417972642
Base temperature,4,74.0,2100,10.0,0.7368717453404562
Base temperature,5,0.0,2026,10.0,1.0
Base temperature,5,1.0,2027,10.0,1.0
Base temperature,5,2.0,2028,10.0,1.0
Base temperature,5,3.0,2029,10.0,1.0
Base temperature,5,4.0,2030,10.0,1.0
Base temperature,5,5.0,2031,10.0,1.0
Base temperature,5,6.0,2032,10.0,1.0
Base temperature,5,7.0,2033,10.0,1.0
Base temperature,5,8.0,2034,10.0,1.0
Base temperature,5,9.0,2035,10.0,1.0
Base temperature,5,10.0,2036,10.0,1.0
Base temperature,5,11.0,2037,10.0,1.0
Base temperature,5,12.0,2038,10.0,1.0
Base temperature,5,13.0,2039,10.0,1.0
Base temperature,5,14.0,2040,10.0,1.0
Base temperature,5,15.0,2041,10.0,1.0
Base temperature,5,16.0,2042,10.0,1.0
Base temperature,5,17.0,2043,10.0,1.0
Base temperature,5,18.0,2044,10.0,1.0
Base temperature,5,19.0,2045,10.0,1.0
Base temperature,5,20.0,2046,10.0,1.0
Base temperature,5,21.0,2047,10.0,1.0
Base temperature,5,22.0,2048,10.0,1.0
Base temperature,5,23.0,2049,10.0,1.0
Base temperature,5,24.0,2050,10.0,0.978523043124593
Base temperature,5,25.0,2051,10.0,0.959576324893314
Base temperature,5,26.0,2052,10.0,0.94228004692034
Base temperature,5,27.0,2053,10.0,0.9262081471886361
Base temperature,5,28.0,2054,10.0,0.9111515413719754
Base temperature,5,29.0,2055,10.0,0.8971021012125454
Base temperature,5,30.0,2056,10.0,0.8843815415839897
Base temperature,5,31.0,2057,10.0,0.8735531216942212
Base temperature,5,32.0,2058,10.0,0.8644104103495655
Base temperature,5,33.0,2059,10.0,0.8560517118183337
Base temperature,5,34.0,2060,10.0,0.8479566287412456
Base temperature,5,35.0,2061,10.0,0.8399587008588116
Base temperature,5,36.0,2062,10.0,0.8320116363715525
Base temperature,5,37.0,2063,10.0,0.8241020596923051
Base temperature,5,38.0,2064,10.0,0.816225763021657
Base temperature,5,39.0,2065,10.0,0.8083813427178116
Base temperature,5,40.0,2066,10.0,0.8005683484939741
Base temperature,5,41.0,2067,10.0,0.7927866829855483
Base temperature,5,42.0,2068,10.0,0.7850363869158199
Base temperature,5,43.0,2069,10.0,0.777317556650696
Base temperature,5,44.0,2070,10.0,0.7696303111596228
Base temperature,5,45.0,2071,10.0,0.7619747784461309
Base temperature,5,46.0,2072,10.0,0.7543510898995803
Base temperature,5,47.0,2073,10.0,0.7467593779270403
Base temperature,5,48.0,2074,10.0,0.7391997749565126
Base temperature,5,49.0,2075,10.0,0.7316724130164576
Base temperature,5,50.0,2076,10.0,0.7241774235582155
Base temperature,5,51.0,2077,10.0,0.7167149373809522
Base temperature,5,52.0,2078,10.0,0.709285084599934
Base temperature,5,53.0,2079,10.0,0.7018879946331104
Base temperature,5,54.0,2080,10.0,0.6945237961954436
Base temperature,5,55.0,2081,10.0,0.6871926172965107
Base temperature,5,56.0,2082,10.0,0.6798945852394919
Base temperature,5,57.0,2083,10.0,0.6726298266207423
Base temperature,5,58.0,2084,10.0,0.6653984673296114
Base temperature,5,59.0,2085,10.0,0.658200632548367
Base temperature,5,60.0,2086,10.0,0.6510364467521634
Base temperature,5,61.0,2087,10.0,0.6439060337090269
Base temperature,5,62.0,2088,10.0,0.636809516479852
Base temperature,5,63.0,2089,10.0,0.6297470174183964
Base temperature,5,64.0,2090,10.0,0.6227186581712832
Base temperature,5,65.0,2091,10.0,0.615724559677998
Base temperature,5,66.0,2092,10.0,0.6087648421708889
Base temperature,5,67.0,2093,10.0,0.6018396251751681
Base temperature,5,68.0,2094,10.0,0.5949490275089104
Base temperature,5,69.0,2095,10.0,0.5880931672830536
Base temperature,5,70.0,2096,10.0,0.5812721619013983
Base temperature,5,71.0,2097,10.0,0.5744861280606085
Base temperature,5,72.0,2098,10.0,0.5677351817502111
Base temperature,5,73.0,2099,10.0,0.5610194382525955
Base temperature,5,74.0,2100,10.0,0.5543390121430148
Base temperature,6,0.0,2026,10.0,1.0
Base temperature,6,1.0,2027,10.0,1.0
Base temperature,6,2.0,2028,10.0,1.0
Base temperature,6,3.0,2029,10.0,1.0
Base temperature,6,4.0,2030,10.0,1.0
Base temperature,6,5.0,2031,10.0,1.0
Base temperature,6,6.0,2032,10.0,1.0
Base temperature,6,7.0,2033,10.0,1.0
Base temperature,6,8.0,2034,10.0,1.0
Base temperature,6,9.0,2035,10.0,1.0
Base temperature,6,10.0,2036,10.0,1.0
Base temperature,6,11.0,2037,10.0,1.0
Base temperature,6,12.0,2038,10.0,1.0
Base temperature,6,13.0,2039,10.0,1.0
Base temperature,6,14.0,2040,10.0,1.0
Base temperature,6,15.0,2041,10.0,1.0
Base temperature,6,16.0,2042,10.0,1.0
Base temperature,6,17.0,2043,10.0,1.0
Base temperature,6,18.0,2044,10.0,1.0
Base temperature,6,19.0,2045,10.0,1.0
Base temperature,6,20.0,2046,10.0,1.0
Base temperature,6,21.0,2047,10.0,1.0
Base temperature,6,22.0,2048,10.0,1.0
Base temperature,6,23.0,2049,10.0,1.0
Base temperature,6,24.0,2050,10.0,1.0
Base temperature,6,25.0,2051,10.0,1.0
Base temperature,6,26.0,2052,10.0,1.0
Base temperature,6,27.0,2053,10.0,1.0
Base temperature,6,28.0,2054,10.0,1.0
Base temperature,6,29.0,2055,10.0,1.0
Base temperature,6,30.0,2056,10.0,1.0
Base temperature,6,31.0,2057,10.0,1.0
Base temperature,6,32.0,2058,10.0,1.0
Base temperature,6,33.0,2059,10.0,1.0
Base temperature,6,34.0,2060,10.0,1.0
Base temperature,6,35.0,2061,10.0,1.0
Base temperature,6,36.0,2062,10.0,1.0
Base temperature,6,37.0,2063,10.0,1.0
Base temperature,6,38.0,2064,10.0,0.9752665751099918
Base temperature,6,39.0,2065,10.0,0.9534666704871744
Base temperature,6,40.0,2066,10.0,0.9335830779236062
Base temperature,6,41.0,2067,10.0,0.9151228601398085
Base temperature,6,42.0,2068,10.0,0.8978435095017058
Base temperature,6,43.0,2069,10.0,0.8817335485269125
Base temperature,6,44.0,2070,10.0,0.8671592098833875
Base temperature,6,45.0,2071,10.0,0.8547620193086793
Base temperature,6,46.0,2072,10.0,0.8443016414990105
Base temperature,6,47.0,2073,10.0,0.8347439670833873
Base temperature,6,48.0,2074,10.0,0.8254930592374781
Base temperature,6,49.0,2075,10.0,0.8163584789171994
Base temperature,6,50.0,2076,10.0,0.8072873491814746
Base temperature,6,51.0,2077,10.0,0.798264453971532
Base temperature,6,52.0,2078,10.0,0.7892850617208836
Base temperature,6,53.0,2079,10.0,0.7803476461023701
Base temperature,6,54.0,2080,10.0,0.7714517696544364
Base temperature,6,55.0,2081,10.0,0.7625973974319725
Base temperature,6,56.0,2082,10.0,0.7537846515294625
Base temperature,6,57.0,2083,10.0,0.7450137169201129
Base temperature,6,58.0,2084,10.0,0.736284803741522
Base temperature,6,59.0,2085,10.0,0.7275981318147781
Base temperature,6,60.0,2086,10.0,0.7189539242043822
Base temperature,6,61.0,2087,10.0,0.7103524045198105
Base temperature,6,62.0,2088,10.0,0.7017937957804188
Base temperature,6,63.0,2089,10.0,0.6932783199369398
Base temperature,6,64.0,2090,10.0,0.6848061976695234
Base temperature,6,65.0,2091,10.0,0.6763776483024451
Base temperature,6,66.0,2092,10.0,0.6679928897680703
Base temperature,6,67.0,2093,10.0,0.6596521385916313
Base temperature,6,68.0,2094,10.0,0.651355609884795
Base temperature,6,69.0,2095,10.0,0.6431035173429472
Base temperature,6,70.0,2096,10.0,0.6348960732440448
Base temperature,6,71.0,2097,10.0,0.6267334884481324
Base temperature,6,72.0,2098,10.0,0.6186159723971388
Base temperature,6,73.0,2099,10.0,0.6105437331147899
Base temperature,6,74.0,2100,10.0,0.6025169772065734
Base temperature,7,0.0,2026,10.0,1.0
Base temperature,7,1.0,2027,10.0,1.0
Base temperature,7,2.0,2028,10.0,1.0
Base temperature,7,3.0,2029,10.0,1.0
Base temperature,7,4.0,2030,10.0,1.0
Base temperature,7,5.0,2031,10.0,1.0
Base temperature,7,6.0,2032,10.0,1.0
Base temperature,7,7.0,2033,10.0,1.0
Base temperature,7,8.0,2034,10.0,1.0
Base temperature,7,9.0,2035,10.0,1.0
Base temperature,7,10.0,2036,10.0,1.0
Base temperature,7,11.0,2037,10.0,1.0
Base temperature,7,12.0,2038,10.0,1.0
Base temperature,7,13.0,2039,10.0,1.0
Base temperature,7,14.0,2040,10.0,1.0
Base temperature,7,15.0,2041,10.0,1.0
Base temperature,7,16.0,2042,10.0,1.0
Base temperature,7,17.0,2043,10.0,1.0
Base temperature,7,18.0,2044,10.0,1.0
Base temperature,7,19.0,2045,10.0,1.0
Base temperature,7,20.0,2046,10.0,1.0
Base temperature,7,21.0,2047,10.0,1.0
Base temperature,7,22.0,2048,10.0,1.0
Base temperature,7,23.0,2049,10.0,1.0
Base temperature,7,24.0,2050,10.0,1.0
Base temperature,7,25.0,2051,10.0,1.0
Base temperature,7,26.0,2052,10.0,1.0
Base temperature,7,27.0,2053,10.0,1.0
Base temperature,7,28.0,2054,10.0,1.0
Base temperature,7,29.0,2055,10.0,1.0
Base temperature,7,30.0,2056,10.0,1.0
Base temperature,7,31.0,2057,10.0,1.0
Base temperature,7,32.0,2058,10.0,1.0
Base temperature,7,33.0,2059,10.0,1.0
Base temperature,7,34.0,2060,10.0,1.0
Base temperature,7,35.0,2061,10.0,1.0
Base temperature,7,36.0,2062,10.0,1.0
Base temperature,7,37.0,2063,10.0,1.0
Base temperature,7,38.0,2064,10.0,1.0
Base temperature,7,39.0,2065,10.0,1.0
Base temperature,7,40.0,2066,10.0,1.0
Base temperature,7,41.0,2067,10.0,1.0
Base temperature,7,42.0,2068,10.0,1.0
Base temperature,7,43.0,2069,10.0,1.0
Base temperature,7,44.0,2070,10.0,1.0
Base temperature,7,45.0,2071,10.0,1.0
Base temperature,7,46.0,2072,10.0,1.0
Base temperature,7,47.0,2073,10.0,1.0
Base temperature,7,48.0,2074,10.0,1.0
Base temperature,7,49.0,2075,10.0,1.0
Base temperature,7,50.0,2076,10.0,1.0
Base temperature,7,51.0,2077,10.0,0.9707228201752885
Base temperature,7,52.0,2078,10.0,0.9449758164571754
Base temperature,7,53.0,2079,10.0,0.9215410565573947
Base temperature,7,54.0,2080,10.0,0.8998271530970784
Base temperature,7,55.0,2081,10.0,0.8795412303456481
Base temperature,7,56.0,2082,10.0,0.8606631663781332
Base temperature,7,57.0,2083,10.0,0.8436145189077178
Base temperature,7,58.0,2084,10.0,0.8291356054370392
Base temperature,7,59.0,2085,10.0,0.816935533197103
Base temperature,7,60.0,2086,10.0,0.805802009394215
Base temperature,7,61.0,2087,10.0,0.795038531056304
Base temperature,7,62.0,2088,10.0,0.7844228743712192
Base temperature,7,63.0,2089,10.0,0.7738934364965381
Base temperature,7,64.0,2090,10.0,0.7634325409133673
Base temperature,7,65.0,2091,10.0,0.7530347288745499
Base temperature,7,66.0,2092,10.0,0.7426982733185726
Base temperature,7,67.0,2093,10.0,0.7324227133829191
Base temperature,7,68.0,2094,10.0,0.7222080554124645
Base temperature,7,69.0,2095,10.0,0.7120544874297953
Base temperature,7,70.0,2096,10.0,0.7019622697141782
Base temperature,7,71.0,2097,10.0,0.6919316910209862
Base temperature,7,72.0,2098,10.0,0.6819630506308723
Base temperature,7,73.0,2099,10.0,0.6720566508909396
Base temperature,7,74.0,2100,10.0,0.6622127940932051
Base temperature,8,0.0,2026,10.0,1.0
Base temperature,8,1.0,2027,10.0,1.0
Base temperature,8,2.0,2028,10.0,1.0
Base temperature,8,3.0,2029,10.0,1.0
Base temperature,8,4.0,2030,10.0,1.0
Base temperature,8,5.0,2031,10.0,1.0
Base temperature,8,6.0,2032,10.0,1.0
Base temperature,8,7.0,2033,10.0,1.0
Base temperature,8,8.0,2034,10.0,1.0
Base temperature,8,9.0,2035,10.0,1.0
Base temperature,8,10.0,2036,10.0,1.0
Base temperature,8,11.0,2037,10.0,1.0
Base temperature,8,12.0,2038,10.0,1.0
Base temperature,8,13.0,2039,10.0,1.0
Base temperature,8,14.0,2040,10.0,1.0
Base temperature,8,15.0,2041,10.0,1.0
Base temperature,8,16.0,2042,10.0,1.0
Base temperature,8,17.0,2043,10.0,1.0
Base temperature,8,18.0,2044,10.0,1.0
Base temperature,8,19.0,2045,10.0,1.0
Base temperature,8,20.0,2046,10.0,1.0
Base temperature,8,21.0,2047,10.0,1.0
Base temperature,8,22.0,2048,10.0,1.0
Base temperature,8,23.0,2049,10.0,1.0
Base temperature,8,24.0,2050,10.0,1.0
Base temperature,8,25.0,2051,10.0,1.0
Base temperature,8,26.0,2052,10.0,1.0
Base temperature,8,27.0,2053,10.0,1.0
Base temperature,8,28.0,2054,10.0,1.0
Base temperature,8,29.0,2055,10.0,1.0
Base temperature,8,30.0,2056,10.0,1.0
Base temperature,8,31.0,2057,10.0,1.0
Base temperature,8,32.0,2058,10.0,1.0
Base temperature,8,33.0,2059,10.0,1.0
Base temperature,8,34.0,2060,10.0,1.0
Base temperature,8,35.0,2061,10.0,1.0
Base temperature,8,36.0,2062,10.0,1.0
Base temperature,8,37.0,2063,10.0,1.0
Base temperature,8,38.0,2064,10.0,1.0
Base temperature,8,39.0,2065,10.0,1.0
Base temperature,8,40.0,2066,10.0,1.0
Base temperature,8,41.0,2067,10.0,1.0
Base temperature,8,42.0,2068,10.0,1.0
Base temperature,8,43.0,2069,10.0,1.0
Base temperature,8,44.0,2070,10.0,1.0
Base temperature,8,45.0,2071,10.0,1.0
Base temperature,8,46.0,2072,10.0,1.0
Base temperature,8,47.0,2073,10.0,1.0
Base temperature,8,48.0,2074,10.0,1.0
Base temperature,8,49.0,2075,10.0,1.0
Base temperature,8,50.0,2076,10.0,1.0
Base temperature,8,51.0,2077,10.0,1.0
Base temperature,8,52.0,2078,10.0,1.0
Base temperature,8,53.0,2079,10.0,1.0
Base temperature,8,54.0,2080,10.0,1.0
Base temperature,8,55.0,2081,10.0,1.0
Base temperature,8,56.0,2082,10.0,1.0
Base temperature,8,57.0,2083,10.0,0.9709737371418105
Base temperature,8,58.0,2084,10.0,0.9454105713795121
Base temperature,8,59.0,2085,10.0,0.9221138377147358
Base temperature,8,60.0,2086,10.0,0.9005034120047585
Base temperature,8,61.0,2087,10.0,0.8802933605026759
Base temperature,8,62.0,2088,10.0,0.861468191715588
Base temperature,8,63.0,2089,10.0,0.8444529055296752
Base temperature,8,64.0,2090,10.0,0.8299917661089918
Base temperature,8,65.0,2091,10.0,0.8177992543461957
Base temperature,8,66.0,2092,10.0,0.8066667896744233
Base temperature,8,67.0,2093,10.0,0.7958991018810113
Base temperature,8,68.0,2094,10.0,0.7852743148091028
Base temperature,8,69.0,2095,10.0,0.7747309956580771
Base temperature,8,70.0,2096,10.0,0.7642516092180194
Base temperature,8,71.0,2097,10.0,0.7538308338222133
Base temperature,8,72.0,2098,10.0,0.743467078730014
Base temperature,8,73.0,2099,10.0,0.7331600188897149
Base temperature,8,74.0,2100,10.0,0.7229097957828023
Base temperature,9,0.0,2026,10.0,1.0
Base temperature,9,1.0,2027,10.0,1.0
Base temperature,9,2.0,2028,10.0,1.0
Base temperature,9,3.0,2029,10.0,1.0
Base temperature,9,4.0,2030,10.0,1.0
Base temperature,9,5.0,2031,10.0,1.0
Base temperature,9,6.0,2032,10.0,1.0
Base temperature,9,7.0,2033,10.0,1.0
Base temperature,9,8.0,2034,10.0,1.0
Base temperature,9,9.0,2035,10.0,1.0
Base temperature,9,10.0,2036,10.0,1.0
Base temperature,9,11.0,2037,10.0,1.0
Base temperature,9,12.0,2038,10.0,1.0
Base temperature,9,13.0,2039,10.0,1.0
Base temperature,9,14.0,2040,10.0,1.0
Base temperature,9,15.0,2041,10.0,1.0
Base temperature,9,16.0,2042,10.0,1.0
Base temperature,9,17.0,2043,10.0,1.0
Base temperature,9,18.0,2044,10.0,1.0
Base temperature,9,19.0,2045,10.0,1.0
Base temperature,9,20.0,2046,10.0,1.0
Base temperature,9,21.0,2047,10.0,1.0
Base temperature,9,22.0,2048,10.0,1.0
Base temperature,9,23.0,2049,10.0,1.0
Base temperature,9,24.0,2050,10.0,1.0
Base temperature,9,25.0,2051,10.0,1.0
Base temperature,9,26.0,2052,10.0,1.0
Base temperature,9,27.0,2053,10.0,1.0
Base temperature,9,28.0,2054,10.0,1.0
Base temperature,9,29.0,2055,10.0,1.0
Base temperature,9,30.0,2056,10.0,1.0
Base temperature,9,31.0,2057,10.0,1.0
Base temperature,9,32.0,2058,10.0,1.0
Base temperature,9,33.0,2059,10.0,1.0
Base temperature,9,34.0,2060,10.0,1.0
Base temperature,9,35.0,2061,10.0,1.0
Base temperature,9,36.0,2062,10.0,1.0
Base temperature,9,37.0,2063,10.0,1.0
Base temperature,9,38.0,2064,10.0,1.0
Base temperature,9,39.0,2065,10.0,1.0
Base temperature,9,40.0,2066,10.0,1.0
Base temperature,9,41.0,2067,10.0,1.0
Base temperature,9,42.0,2068,10.0,1.0
Base temperature,9,43.0,2069,10.0,0.9743661714490918
Base temperature,9,44.0,2070,10.0,0.9517070158912359
Base temperature,9,45.0,2071,10.0,0.9309881938636407
Base temperature,9,46.0,2072,10.0,0.9117102153746128
Base temperature,9,47.0,2073,10.0,0.893629864225283
Base temperature,9,48.0,2074,10.0,0.8767432822028219
Base temperature,9,49.0,2075,10.0,0.8614424424509911
Base temperature,9,50.0,2076,10.0,0.8484100100617231
Base temperature,9,51.0,2077,10.0,0.8374016721343832
Base temperature,9,52.0,2078,10.0,0.8273340242041702
Base temperature,9,53.0,2079,10.0,0.8175812785769586
Base temperature,9,54.0,2080,10.0,0.8079434359098947
Base temperature,9,55.0,2081,10.0,0.7983651402981455
Base temperature,9,56.0,2082,10.0,0.7888306669811295
Base temperature,9,57.0,2083,10.0,0.7793353298562252
Base temperature,9,58.0,2084,10.0,0.7698778179704221
Base temperature,9,59.0,2085,10.0,0.760457966217154
Base temperature,9,60.0,2086,10.0,0.7510760319743142
Base temperature,9,61.0,2087,10.0,0.7417324362362702
Base temperature,9,62.0,2088,10.0,0.7324276642515325
Base temperature,9,63.0,2089,10.0,0.7231622256975814
Base temperature,9,64.0,2090,10.0,0.7139366383219952
Base temperature,9,65.0,2091,10.0,0.7047514211323753
Base temperature,9,66.0,2092,10.0,0.6956070915409183
Base temperature,9,67.0,2093,10.0,0.6865041641624822
Base temperature,9,68.0,2094,10.0,0.6774431503075817
Base temperature,9,69.0,2095,10.0,0.6684245577682676
Base temperature,9,70.0,2096,10.0,0.6594488907276421
Base temperature,9,71.0,2097,10.0,0.6505166497216107
Base temperature,9,72.0,2098,10.0,0.6416283316227138
Base temperature,9,73.0,2099,10.0,0.6327844296332924
Base temperature,9,74.0,2100,10.0,0.6239854332825997
Base temperature,10,0.0,2026,10.0,1.0
Base temperature,10,1.0,2027,10.0,1.0
Base temperature,10,2.0,2028,10.0,1.0
Base temperature,10,3.0,2029,10.0,1.0
Base temperature,10,4.0,2030,10.0,1.0
Base temperature,10,5.0,2031,10.0,1.0
Base temperature,10,6.0,2032,10.0,1.0
Base temperature,10,7.0,2033,10.0,1.0
Base temperature,10,8.0,2034,10.0,1.0
Base temperature,10,9.0,2035,10.0,1.0
Base temperature,10,10.0,2036,10.0,1.0
Base temperature,10,11.0,2037,10.0,1.0
Base temperature,10,12.0,2038,10.0,1.0
Base temperature,10,13.0,2039,10.0,1.0
Base temperature,10,14.0,2040,10.0,1.0
Base temperature,10,15.0,2041,10.0,1.0
Base temperature,10,16.0,2042,10.0,1.0
Base temperature,10,17.0,2043,10.0,1.0
Base temperature,10,18.0,2044,10.0,1.0
Base temperature,10,19.0,2045,10.0,1.0
Base temperature,10,20.0,2046,10.0,1.0
Base temperature,10,21.0,2047,10.0,1.0
Base temperature,10,22.0,2048,10.0,1.0
Base temperature,10,23.0,2049,10.0,1.0
Base temperature,10,24.0,2050,10.0,1.0
Base temperature,10,25.0,2051,10.0,1.0
Base temperature,10,26.0,2052,10.0,1.0
Base temperature,10,27.0,2053,10.0,1.0
Base temperature,10,28.0,2054,10.0,0.97760557286742
Base temperature,10,29.0,2055,10.0,0.9578273511240687
Base temperature,10,30.0,2056,10.0,0.9397547275189152
Base temperature,10,31.0,2057,10.0,0.922947320662083
Base temperature,10,32.0,2058,10.0,0.9071898787533996
Base temperature,10,33.0,2059,10.0,0.8924766480610958
Base temperature,10,34.0,2060,10.0,0.8791472507289481
Base temperature,10,35.0,2061,10.0,0.867794935842482
Base temperature,10,36.0,2062,10.0,0.85820601811131
Base temperature,10,37.0,2063,10.0,0.8494363870850761
Base temperature,10,38.0,2064,10.0,0.8409407012232366
Base temperature,10,39.0,2065,10.0,0.8325445227193105
Base temperature,10,40.0,2066,10.0,0.8241994069395432
Base temperature,10,41.0,2067,10.0,0.815891431179093
Base temperature,10,42.0,2068,10.0,0.8076162895901927
Base temperature,10,43.0,2069,10.0,0.7993726180203454
Base temperature,10,44.0,2070,10.0,0.7911600522139174
Base temperature,10,45.0,2071,10.0,0.7829785977336887
Base temperature,10,46.0,2072,10.0,0.774828404470336
Base temperature,10,47.0,2073,10.0,0.7667096800871158
Base temperature,10,48.0,2074,10.0,0.7586226553250298
Base temperature,10,49.0,2075,10.0,0.7505675697497323
Base temperature,10,50.0,2076,10.0,0.7425446658172276
Base temperature,10,51.0,2077,10.0,0.7345541863852182
Base temperature,10,52.0,2078,10.0,0.726596373665348
Base temperature,10,53.0,2079,10.0,0.7186714687811278
Base temperature,10,54.0,2080,10.0,0.7107797115811897
Base temperature,10,55.0,2081,10.0,0.7029213405603478
Base temperature,10,56.0,2082,10.0,0.69509659282622
Base temperature,10,57.0,2083,10.0,0.687305704085112
Base temperature,10,58.0,2084,10.0,0.6795489086360489
Base temperature,10,59.0,2085,10.0,0.6718264393682521
Base temperature,10,60.0,2086,10.0,0.6641385277600739
Base temperature,10,61.0,2087,10.0,0.6564854038785468
Base temperature,10,62.0,2088,10.0,0.6488672963791923
Base temperature,10,63.0,2089,10.0,0.6412844325059426
Base temperature,10,64.0,2090,10.0,0.6337370380911062
Base temperature,10,65.0,2091,10.0,0.6262253375553524
Base temperature,10,66.0,2092,10.0,0.6187495539077078
Base temperature,10,67.0,2093,10.0,0.6113099087455509
Base temperature,10,68.0,2094,10.0,0.6039066222546142
Base temperature,10,69.0,2095,10.0,0.5965399132089807
Base temperature,10,70.0,2096,10.0,0.5892099989710858
Base temperature,10,71.0,2097,10.0,0.5819170954917162
Base temperature,10,72.0,2098,10.0,0.574661417310011
Base temperature,10,73.0,2099,10.0,0.5674431775534597
Base temperature,10,74.0,2100,10.0,0.5602625879379045
Base temperature,11,0.0,2026,10.0,1.0
Base temperature,11,1.0,2027,10.0,1.0
Base temperature,11,2.0,2028,10.0,1.0
Base temperature,11,3.0,2029,10.0,1.0
Base temperature,11,4.0,2030,10.0,1.0
Base temperature,11,5.0,2031,10.0,1.0
Base temperature,11,6.0,2032,10.0,1.0
Base temperature,11,7.0,2033,10.0,1.0
Base temperature,11,8.0,2034,10.0,1.0
Base temperature,11,9.0,2035,10.0,1.0
Base temperature,11,10.0,2036,10.0,1.0
Base temperature,11,11.0,2037,10.0,1.0
Base temperature,11,12.0,2038,10.0,1.0
Base temperature,11,13.0,2039,10.0,1.0
Base temperature,11,14.0,2040,10.0,1.0
Base temperature,11,15.0,2041,10.0,1.0
Base temperature,11,16.0,2042,10.0,1.0
Base temperature,11,17.0,2043,10.0,1.0
Base temperature,11,18.0,2044,10.0,1.0
Base temperature,11,19.0,2045,10.0,1.0
Base temperature,11,20.0,2046,10.0,1.0
Base temperature,11,21.0,2047,10.0,1.0
Base temperature,11,22.0,2048,10.0,1.0
Base temperature,11,23.0,2049,10.0,1.0
Base temperature,11,24.0,2050,10.0,1.0
Base temperature,11,25.0,2051,10.0,1.0
Base temperature,11,26.0,2052,10.0,1.0
Base temperature,11,27.0,2053,10.0,1.0
Base temperature,11,28.0,2054,10.0,1.0
Base temperature,11,29.0,2055,10.0,1.0
Base temperature,11,30.0,2056,10.0,1.0
Base temperature,11,31.0,2057,10.0,1.0
Base temperature,11,32.0,2058,10.0,1.0
Base temperature,11,33.0,2059,10.0,1.0
Base temperature,11,34.0,2060,10.0,1.0
Base temperature,11,35.0,2061,10.0,1.0
Base temperature,11,36.0,2062,10.0,1.0
Base temperature,11,37.0,2063,10.0,1.0
Base temperature,11,38.0,2064,10.0,1.0
Base temperature,11,39.0,2065,10.0,1.0
Base temperature,11,40.0,2066,10.0,1.0
Base temperature,11,41.0,2067,10.0,1.0
Base temperature,11,42.0,2068,10.0,1.0
Base temperature,11,43.0,2069,10.0,1.0
Base temperature,11,44.0,2070,10.0,1.0
Base temperature,11,45.0,2071,10.0,1.0
Base temperature,11,46.0,2072,10.0,1.0
Base temperature,11,47.0,2073,10.0,1.0
Base temperature,11,48.0,2074,10.0,1.0
Base temperature,11,49.0,2075,10.0,1.0
Base temperature,11,50.0,2076,10.0,1.0
Base temperature,11,51.0,2077,10.0,1.0
Base temperature,11,52.0,2078,10.0,1.0
Base temperature,11,53.0,2079,10.0,1.0
Base temperature,11,54.0,2080,10.0,1.0
Base temperature,11,55.0,2081,10.0,1.0
Base temperature,11,56.0,2082,10.0,1.0
Base temperature,11,57.0,2083,10.0,1.0
Base temperature,11,58.0,2084,10.0,1.0
Base temperature,11,59.0,2085,10.0,1.0
Base temperature,11,60.0,2086,10.0,1.0
Base temperature,11,61.0,2087,10.0,1.0
Base temperature,11,62.0,2088,10.0,1.0
Base temperature,11,63.0,2089,10.0,1.0
Base temperature,11,64.0,2090,10.0,1.0
Base temperature,11,65.0,2091,10.0,1.0
Base temperature,11,66.0,2092,10.0,1.0
Base temperature,11,67.0,2093,10.0,1.0
Base temperature,11,68.0,2094,10.0,1.0
Base temperature,11,69.0,2095,10.0,1.0
Base temperature,11,70.0,2096,10.0,1.0
Base temperature,11,71.0,2097,10.0,1.0
Base temperature,11,72.0,2098,10.0,1.0
Base temperature,11,73.0,2099,10.0,1.0
Base temperature,11,74.0,2100,10.0,1.0
Base temperature,12,0.0,2026,10.0,1.0
Base temperature,12,1.0,2027,10.0,1.0
Base temperature,12,2.0,2028,10.0,1.0
Base temperature,12,3.0,2029,10.0,1.0
Base temperature,12,4.0,2030,10.0,1.0
Base temperature,12,5.0,2031,10.0,1.0
Base temperature,12,6.0,2032,10.0,1.0
Base temperature,12,7.0,2033,10.0,1.0
Base temperature,12,8.0,2034,10.0,1.0
Base temperature,12,9.0,2035,10.0,1.0
Base temperature,12,10.0,2036,10.0,1.0
Base temperature,12,11.0,2037,10.0,1.0
Base temperature,12,12.0,2038,10.0,1.0
Base temperature,12,13.0,2039,10.0,1.0
Base temperature,12,14.0,2040,10.0,1.0
Base temperature,12,15.0,2041,10.0,1.0
Base temperature,12,16.0,2042,10.0,1.0
Base temperature,12,17.0,2043,10.0,1.0
Base temperature,12,18.0,2044,10.0,1.0
Base temperature,12,19.0,2045,10.0,1.0
Base temperature,12,20.0,2046,10.0,1.0
Base temperature,12,21.0,2047,10.0,1.0
Base temperature,12,22.0,2048,10.0,1.0
Base temperature,12,23.0,2049,10.0,1.0
Base temperature,12,24.0,2050,10.0,1.0
Base temperature,12,25.0,2051,10.0,1.0
Base temperature,12,26.0,2052,10.0,1.0
Base temperature,12,27.0,2053,10.0,1.0
Base temperature,12,28.0,2054,10.0,1.0
Base temperature,12,29.0,2055,10.0,1.0
Base temperature,12,30.0,2056,10.0,1.0
Base temperature,12,31.0,2057,10.0,1.0
Base temperature,12,32.0,2058,10.0,1.0
Base temperature,12,33.0,2059,10.0,1.0
Base temperature,12,34.0,2060,10.0,1.0
Base temperature,12,35.0,2061,10.0,1.0
Base temperature,12,36.0,2062,10.0,1.0
Base temperature,12,37.0,2063,10.0,1.0
Base temperature,12,38.0,2064,10.0,1.0
Base temperature,12,39.0,2065,10.0,1.0
Base temperature,12,40.0,2066,10.0,1.0
Base temperature,12,41.0,2067,10.0,1.0
Base temperature,12,42.0,2068,10.0,1.0
Base temperature,12,43.0,2069,10.0,1.0
Base temperature,12,44.0,2070,10.0,1.0
Base temperature,12,45.0,2071,10.0,1.0
Base temperature,12,46.0,2072,10.0,1.0
Base temperature,12,47.0,2073,10.0,1.0
Base temperature,12,48.0,2074,10.0,1.0
Base temperature,12,49.0,2075,10.0,1.0
Base temperature,12,50.0,2076,10.0,1.0
Base temperature,12,51.0,2077,10.0,1.0
Base temperature,12,52.0,2078,10.0,0.9786143845406604
Base temperature,12,53.0,2079,10.0,0.9597297720598194
Base temperature,12,54.0,2080,10.0,0.942475351748102
Base temperature,12,55.0,2081,10.0,0.9264298742102945
Base temperature,12,56.0,2082,10.0,0.9113873023833073
Base temperature,12,57.0,2083,10.0,0.8973417543370524
Base temperature,12,58.0,2084,10.0,0.8846171710243262
Base temperature,12,59.0,2085,10.0,0.8737797531120556
Base temperature,12,60.0,2086,10.0,0.8646255038188694
Base temperature,12,61.0,2087,10.0,0.8562531343704984
Base temperature,12,62.0,2088,10.0,0.8481419975537777
Base temperature,12,63.0,2089,10.0,0.8401255162895737
Base temperature,12,64.0,2090,10.0,0.8321573921107851
Base temperature,12,65.0,2091,10.0,0.824224283676446
Base temperature,12,66.0,2092,10.0,0.8163220310218232
Base temperature,12,67.0,2093,10.0,0.8084492829608565
Base temperature,12,68.0,2094,10.0,0.8006056432711741
Base temperature,12,69.0,2095,10.0,0.7927910691531821
Base temperature,12,70.0,2096,10.0,0.7850056559470738
Base temperature,12,71.0,2097,10.0,0.777249554492926
Base temperature,12,72.0,2098,10.0,0.7695229380038999
Base temperature,12,73.0,2099,10.0,0.761825988456618
Base temperature,12,74.0,2100,10.0,0.7541588909244342
Base temperature,13,0.0,2026,10.0,1.0
Base temperature,13,1.0,2027,10.0,1.0
Base temperature,13,2.0,2028,10.0,1.0
Base temperature,13,3.0,2029,10.0,1.0
Base temperature,13,4.0,2030,10.0,1.0
Base temperature,13,5.0,2031,10.0,1.0
Base temperature,13,6.0,2032,10.0,1.0
Base temperature,13,7.0,2033,10.0,1.0
Base temperature,13,8.0,2034,10.0,1.0
Base temperature,13,9.0,2035,10.0,1.0
Base temperature,13,10.0,2036,10.0,1.0
Base temperature,13,11.0,2037,10.0,1.0
Base temperature,13,12.0,2038,10.0,1.0
Base temperature,13,13.0,2039,10.0,1.0
Base temperature,13,14.0,2040,10.0,1.0
Base temperature,13,15.0,2041,10.0,1.0
Base temperature,13,16.0,2042,10.0,1.0
Base temperature,13,17.0,2043,10.0,1.0
Base temperature,13,18.0,2044,10.0,1.0
Base temperature,13,19.0,2045,10.0,1.0
Base temperature,13,20.0,2046,10.0,1.0
Base temperature,13,21.0,2047,10.0,1.0
Base temperature,13,22.0,2048,10.0,1.0
Base temperature,13,23.0,2049,10.0,1.0
Base temperature,13,24.0,2050,10.0,1.0
Base temperature,13,25.0,2051,10.0,1.0
Base temperature,13,26.0,2052,10.0,1.0
Base temperature,13,27.0,2053,10.0,1.0
Base temperature,13,28.0,2054,10.0,1.0
Base temperature,13,29.0,2055,10.0,1.0
Base temperature,13,30.0,2056,10.0,1.0
Base temperature,13,31.0,2057,10.0,1.0
Base temperature,13,32.0,2058,10.0,1.0
Base temperature,13,33.0,2059,10.0,1.0
Base temperature,13,34.0,2060,10.0,1.0
Base temperature,13,35.0,2061,10.0,1.0
Base temperature,13,36.0,2062,10.0,1.0
Base temperature,13,37.0,2063,10.0,1.0
Base temperature,13,38.0,2064,10.0,1.0
Base temperature,13,39.0,2065,10.0,1.0
Base temperature,13,40.0,2066,10.0,1.0
Base temperature,13,41.0,2067,10.0,1.0
Base temperature,13,42.0,2068,10.0,1.0
Base temperature,13,43.0,2069,10.0,1.0
Base temperature,13,44.0,2070,10.0,1.0
Base temperature,13,45.0,2071,10.0,1.0
Base temperature,13,46.0,2072,10.0,1.0
Base temperature,13,47.0,2073,10.0,1.0
Base temperature,13,48.0,2074,10.0,1.0
Base temperature,13,49.0,2075,10.0,1.0
Base temperature,13,50.0,2076,10.0,1.0
Base temperature,13,51.0,2077,10.0,1.0
Base temperature,13,52.0,2078,10.0,1.0
Base temperature,13,53.0,2079,10.0,1.0
Base temperature,13,54.0,2080,10.0,1.0
Base temperature,13,55.0,2081,10.0,1.0
Base temperature,13,56.0,2082,10.0,1.0
Base temperature,13,57.0,2083,10.0,1.0
Base temperature,13,58.0,2084,10.0,1.0
Base temperature,13,59.0,2085,10.0,1.0
Base temperature,13,60.0,2086,10.0,1.0
Base temperature,13,61.0,2087,10.0,1.0
Base temperature,13,62.0,2088,10.0,1.0
Base temperature,13,63.0,2089,10.0,0.9734878542623776
Base temperature,13,64.0,2090,10.0,0.950127317379201
Base temperature,13,65.0,2091,10.0,0.9288270489026443
Base temperature,13,66.0,2092,10.0,0.9090581137355503
Base temperature,13,67.0,2093,10.0,0.8905601119022011
Base temperature,13,68.0,2094,10.0,0.8733200414391661
Base temperature,13,69.0,2095,10.0,0.8577287904741248
Base temperature,13,70.0,2096,10.0,0.8444709858153697
Base temperature,13,71.0,2097,10.0,0.8332877764414772
Base temperature,13,72.0,2098,10.0,0.8230724478105749
Base temperature,13,73.0,2099,10.0,0.8131876531026379
Base temperature,13,74.0,2100,10.0,0.8034298305740707
Base temperature,14,0.0,2026,10.0,1.0
Base temperature,14,1.0,2027,10.0,1.0
Base temperature,14,2.0,2028,10.0,1.0
Base temperature,14,3.0,2029,10.0,1.0
Base temperature,14,4.0,2030,10.0,1.0
Base temperature,14,5.0,2031,10.0,1.0
Base temperature,14,6.0,2032,10.0,1.0
Base temperature,14,7.0,2033,10.0,1.0
Base temperature,14,8.0,2034,10.0,1.0
Base temperature,14,9.0,2035,10.0,1.0
Base temperature,14,10.0,2036,10.0,1.0
Base temperature,14,11.0,2037,10.0,1.0
Base temperature,14,12.0,2038,10.0,1.0
Base temperature,14,13.0,2039,10.0,1.0
Base temperature,14,14.0,2040,10.0,1.0
Base temperature,14,15.0,2041,10.0,1.0
Base temperature,14,16.0,2042,10.0,1.0
Base temperature,14,17.0,2043,10.0,1.0
Base temperature,14,18.0,2044,10.0,1.0
Base temperature,14,19.0,2045,10.0,1.0
Base temperature,14,20.0,2046,10.0,1.0
Base temperature,14,21.0,2047,10.0,1.0
Base temperature,14,22.0,2048,10.0,1.0
Base temperature,14,23.0,2049,10.0,1.0
Base temperature,14,24.0,2050,10.0,1.0
Base temperature,14,25.0,2051,10.0,1.0
Base temperature,14,26.0,2052,10.0,1.0
Base temperature,14,27.0,2053,10.0,1.0
Base temperature,14,28.0,2054,10.0,1.0
Base temperature,14,29.0,2055,10.0,1.0
Base temperature,14,30.0,2056,10.0,1.0
Base temperature,14,31.0,2057,10.0,1.0
Base temperature,14,32.0,2058,10.0,1.0
Base temperature,14,33.0,2059,10.0,1.0
Base temperature,14,34.0,2060,10.0,1.0
Base temperature,14,35.0,2061,10.0,1.0
Base temperature,14,36.0,2062,10.0,1.0
Base temperature,14,37.0,2063,10.0,1.0
Base temperature,14,38.0,2064,10.0,1.0
Base temperature,14,39.0,2065,10.0,1.0
Base temperature,14,40.0,2066,10.0,1.0
Base temperature,14,41.0,2067,10.0,1.0
Base temperature,14,42.0,2068,10.0,1.0
Base temperature,14,43.0,2069,10.0,1.0
Base temperature,14,44.0,2070,10.0,1.0
Base temperature,14,45.0,2071,10.0,1.0
Base temperature,14,46.0,2072,10.0,1.0
Base temperature,14,47.0,2073,10.0,1.0
Base temperature,14,48.0,2074,10.0,1.0
Base temperature,14,49.0,2075,10.0,1.0
Base temperature,14,50.0,2076,10.0,1.0
Base temperature,14,51.0,2077,10.0,1.0
Base temperature,14,52.0,2078,10.0,1.0
Base temperature,14,53.0,2079,10.0,1.0
Base temperature,14,54.0,2080,10.0,1.0
Base temperature,14,55.0,2081,10.0,1.0
Base temperature,14,56.0,2082,10.0,1.0
Base temperature,14,57.0,2083,10.0,1.0
Base temperature,14,58.0,2084,10.0,1.0
Base temperature,14,59.0,2085,10.0,1.0
Base temperature,14,60.0,2086,10.0,1.0
Base temperature,14,61.0,2087,10.0,1.0
Base temperature,14,62.0,2088,10.0,1.0
Base temperature,14,63.0,2089,10.0,1.0
Base temperature,14,64.0,2090,10.0,1.0
Base temperature,14,65.0,2091,10.0,1.0
Base temperature,14,66.0,2092,10.0,1.0
Base temperature,14,67.0,2093,10.0,1.0
Base temperature,14,68.0,2094,10.0,1.0
Base temperature,14,69.0,2095,10.0,1.0
Base temperature,14,70.0,2096,10.0,1.0
Base temperature,14,71.0,2097,10.0,1.0
Base temperature,14,72.0,2098,10.0,1.0
Base temperature,14,73.0,2099,10.0,0.9826735229648255
Base temperature,14,74.0,2100,10.0,0.9673610507098974
Base temperature,15,0.0,2026,10.0,1.0
Base temperature,15,1.0,2027,10.0,1.0
Base temperature,15,2.0,2028,10.0,1.0
Base temperature,15,3.0,2029,10.0,1.0
Base temperature,15,4.0,2030,10.0,1.0
Base temperature,15,5.0,2031,10.0,1.0
Base temperature,15,6.0,2032,10.0,1.0
Base temperature,15,7.0,2033,10.0,1.0
Base temperature,15,8.0,2034,10.0,1.0
Base temperature,15,9.0,2035,10.0,1.0
Base temperature,15,10.0,2036,10.0,1.0
Base temperature,15,11.0,2037,10.0,1.0
Base temperature,15,12.0,2038,10.0,1.0
Base temperature,15,13.0,2039,10.0,1.0
Base temperature,15,14.0,2040,10.0,1.0
Base temperature,15,15.0,2041,10.0,1.0
Base temperature,15,16.0,2042,10.0,1.0
Base temperature,15,17.0,2043,10.0,1.0
Base temperature,15,18.0,2044,10.0,1.0
Base temperature,15,19.0,2045,10.0,1.0
Base temperature,15,20.0,2046,10.0,1.0
Base temperature,15,21.0,2047,10.0,1.0
Base temperature,15,22.0,2048,10.0,1.0
Base temperature,15,23.0,2049,10.0,1.0
Base temperature,15,24.0,2050,10.0,1.0
Base temperature,15,25.0,2051,10.0,1.0
Base temperature,15,26.0,2052,10.0,1.0
Base temperature,15,27.0,2053,10.0,1.0
Base temperature,15,28.0,2054,10.0,1.0
Base temperature,15,29.0,2055,10.0,1.0
Base temperature,15,30.0,2056,10.0,1.0
Base temperature,15,31.0,2057,10.0,1.0
Base temperature,15,32.0,2058,10.0,1.0
Base temperature,15,33.0,2059,10.0,1.0
Base temperature,15,34.0,2060,10.0,1.0
Base temperature,15,35.0,2061,10.0,1.0
Base temperature,15,36.0,2062,10.0,1.0
Base temperature,15,37.0,2063,10.0,1.0
Base temperature,15,38.0,2064,10.0,1.0
Base temperature,15,39.0,2065,10.0,0.9792124400543027
Base temperature,15,40.0,2066,10.0,0.960862544804711
Base temperature,15,41.0,2067,10.0,0.9441017259226601
Base temperature,15,42.0,2068,10.0,0.9285192926067141
Base temperature,15,43.0,2069,10.0,0.913914104888562
Base temperature,15,44.0,2070,10.0,0.9002796165872545
Base temperature,15,45.0,2071,10.0,0.8879294970367191
Base temperature,15,46.0,2072,10.0,0.8774124446692386
Base temperature,15,47.0,2073,10.0,0.8685297662042311
Base temperature,15,48.0,2074,10.0,0.8604064944869508
Base temperature,15,49.0,2075,10.0,0.8525373004527581
Base temperature,15,50.0,2076,10.0,0.8447604973793507
Base temperature,15,51.0,2077,10.0,0.8370311187154377
Base temperature,15,52.0,2078,10.0,0.82933617753386
Base temperature,15,53.0,2079,10.0,0.8216715955800749
Base temperature,15,54.0,2080,10.0,0.8140360199727636
Base temperature,15,55.0,2081,10.0,0.8064290245513333
Base temperature,15,56.0,2082,10.0,0.7988505262646938
Base temperature,15,57.0,2083,10.0,0.7913005763166208
Base temperature,15,58.0,2084,10.0,0.7837792799982032
Base temperature,15,59.0,2085,10.0,0.7762867645540347
Base temperature,15,60.0,2086,10.0,0.7688231659813087
Base temperature,15,61.0,2087,10.0,0.7613886235335786
Base temperature,15,62.0,2088,10.0,0.753983277415772
Base temperature,15,63.0,2089,10.0,0.7466072678137359
Base temperature,15,64.0,2090,10.0,0.7392607344847627
Base temperature,15,65.0,2091,10.0,0.7319438165846048
Base temperature,15,66.0,2092,10.0,0.7246566525943477
Base temperature,15,67.0,2093,10.0,0.7173993802894874
Base temperature,15,68.0,2094,10.0,0.7101721367268516
Base temperature,15,69.0,2095,10.0,0.7029750582390701
Base temperature,15,70.0,2096,10.0,0.6958082804322363
Base temperature,15,71.0,2097,10.0,0.6886719381849181
Base temperature,15,72.0,2098,10.0,0.6815661656477425
Base temperature,15,73.0,2099,10.0,0.6744910962432178
Base temperature,15,74.0,2100,10.0,0.6674468626656591
Base temperature,16,0.0,2026,10.0,1.0
Base temperature,16,1.0,2027,10.0,1.0
Base temperature,16,2.0,2028,10.0,1.0
Base temperature,16,3.0,2029,10.0,1.0
Base temperature,16,4.0,2030,10.0,1.0
Base temperature,16,5.0,2031,10.0,1.0
Base temperature,16,6.0,2032,10.0,1.0
Base temperature,16,7.0,2033,10.0,1.0
Base temperature,16,8.0,2034,10.0,1.0
Base temperature,16,9.0,2035,10.0,1.0
Base temperature,16,10.0,2036,10.0,1.0
Base temperature,16,11.0,2037,10.0,1.0
Base temperature,16,12.0,2038,10.0,1.0
Base temperature,16,13.0,2039,10.0,1.0
Base temperature,16,14.0,2040,10.0,1.0
Base temperature,16,15.0,2041,10.0,1.0
Base temperature,16,16.0,2042,10.0,1.0
Base temperature,16,17.0,2043,10.0,1.0
Base temperature,16,18.0,2044,10.0,1.0
Base temperature,16,19.0,2045,10.0,1.0
Base temperature,16,20.0,2046,10.0,1.0
Base temperature,16,21.0,2047,10.0,1.0
Base temperature,16,22.0,2048,10.0,0.9770307570257615
Base temperature,16,23.0,2049,10.0,0.9567738593962822
Base temperature,16,24.0,2050,10.0,0.9382872443484269
Base temperature,16,25.0,2051,10.0,0.9211146062120485
Base temperature,16,26.0,2052,10.0,0.9050318370946399
Base temperature,16,27.0,2053,10.0,0.8900295880196732
Base temperature,16,28.0,2054,10.0,0.8764505169986584
Base temperature,16,29.0,2055,10.0,0.8648945866524029
Base temperature,16,30.0,2056,10.0,0.8551400939208181
Base temperature,16,31.0,2057,10.0,0.8462241372585882
Base temperature,16,32.0,2058,10.0,0.8375913139240395
Base temperature,16,33.0,2059,10.0,0.8290640398107846
Base temperature,16,34.0,2060,10.0,0.8205929672920996
Base temperature,16,35.0,2061,10.0,0.8121638677781321
Base temperature,16,36.0,2062,10.0,0.803772292231453
Base temperature,16,37.0,2063,10.0,0.7954167822544967
Base temperature,16,38.0,2064,10.0,0.7870968958608876
Base temperature,16,39.0,2065,10.0,0.778812567087789
Base temperature,16,40.0,2066,10.0,0.7705638769015023
Base temperature,16,41.0,2067,10.0,0.7623509652957529
Base temperature,16,42.0,2068,10.0,0.7541739960732136
Base temperature,16,43.0,2069,10.0,0.7460331423841773
Base temperature,16,44.0,2070,10.0,0.7379285807084754
Base temperature,16,45.0,2071,10.0,0.7298604883329253
Base temperature,16,46.0,2072,10.0,0.7218290422898168
Base temperature,16,47.0,2073,10.0,0.7138344189092533
Base temperature,16,48.0,2074,10.0,0.7058767936301363
Base temperature,16,49.0,2075,10.0,0.6979563409203067
Base temperature,16,50.0,2076,10.0,0.6900732342427907
Base temperature,16,51.0,2077,10.0,0.682227646041535
Base temperature,16,52.0,2078,10.0,0.6744197477353767
Base temperature,16,53.0,2079,10.0,0.6666497097154958
Base temperature,16,54.0,2080,10.0,0.6589177013443386
Base temperature,16,55.0,2081,10.0,0.6512238909551636
Base temperature,16,56.0,2082,10.0,0.6435684458518508
Base temperature,16,57.0,2083,10.0,0.6359515323088194
Base temperature,16,58.0,2084,10.0,0.6283733155709942
Base temperature,16,59.0,2085,10.0,0.6208339598537927
Base temperature,16,60.0,2086,10.0,0.6133336283431171
Base temperature,16,61.0,2087,10.0,0.6058724831953529
Base temperature,16,62.0,2088,10.0,0.5984506855373679
Base temperature,16,63.0,2089,10.0,0.5910683954665105
Base temperature,16,64.0,2090,10.0,0.5837257720506117
Base temperature,16,65.0,2091,10.0,0.576422973327983
Base temperature,16,66.0,2092,10.0,0.5691601563074171
Base temperature,16,67.0,2093,10.0,0.5619374769681884
Base temperature,16,68.0,2094,10.0,0.5547550902600522
Base temperature,16,69.0,2095,10.0,0.5476131501032451
Base temperature,16,70.0,2096,10.0,0.5405118093884853
Base temperature,16,71.0,2097,10.0,0.5334512199769714
Base temperature,16,72.0,2098,10.0,0.5264315327003843
Base temperature,16,73.0,2099,10.0,0.5194528973608854
Base temperature,16,74.0,2100,10.0,0.5125154627311173
Base temperature,17,0.0,2026,10.0,1.0
Base temperature,17,1.0,2027,10.0,1.0
Base temperature,17,2.0,2028,10.0,1.0
Base temperature,17,3.0,2029,10.0,1.0
Base temperature,17,4.0,2030,10.0,1.0
Base temperature,17,5.0,2031,10.0,1.0
Base temperature,17,6.0,2032,10.0,1.0
Base temperature,17,7.0,2033,10.0,1.0
Base temperature,17,8.0,2034,10.0,1.0
Base temperature,17,9.0,2035,10.0,1.0
Base temperature,17,10.0,2036,10.0,1.0
Base temperature,17,11.0,2037,10.0,1.0
Base temperature,17,12.0,2038,10.0,1.0
Base temperature,17,13.0,2039,10.0,1.0
Base temperature,17,14.0,2040,10.0,1.0
Base temperature,17,15.0,2041,10.0,1.0
Base temperature,17,16.0,2042,10.0,1.0
Base temperature,17,17.0,2043,10.0,1.0
Base temperature,17,18.0,2044,10.0,1.0
Base temperature,17,19.0,2045,10.0,1.0
Base temperature,17,20.0,2046,10.0,1.0
Base temperature,17,21.0,2047,10.0,1.0
Base temperature,17,22.0,2048,10.0,1.0
Base temperature,17,23.0,2049,10.0,1.0
Base temperature,17,24.0,2050,10.0,1.0
Base temperature,17,25.0,2051,10.0,1.0
Base temperature,17,26.0,2052,10.0,1.0
Base temperature,17,27.0,2053,10.0,1.0
Base temperature,17,28.0,2054,10.0,1.0
Base temperature,17,29.0,2055,10.0,1.0
Base temperature,17,30.0,2056,10.0,1.0
Base temperature,17,31.0,2057,10.0,1.0
Base temperature,17,32.0,2058,10.0,1.0
Base temperature,17,33.0,2059,10.0,1.0
Base temperature,17,34.0,2060,10.0,1.0
Base temperature,17,35.0,2061,10.0,1.0
Base temperature,17,36.0,2062,10.0,1.0
Base temperature,17,37.0,2063,10.0,1.0
Base temperature,17,38.0,2064,10.0,1.0
Base temperature,17,39.0,2065,10.0,1.0
Base temperature,17,40.0,2066,10.0,1.0
Base temperature,17,41.0,2067,10.0,1.0
Base temperature,17,42.0,2068,10.0,1.0
Base temperature,17,43.0,2069,10.0,0.9774520554176377
Base temperature,17,44.0,2070,10.0,0.9575722856774287
Base temperature,17,45.0,2071,10.0,0.9394341118314143
Base temperature,17,46.0,2072,10.0,0.9225885680701074
Base temperature,17,47.0,2073,10.0,0.9068149281557377
Base temperature,17,48.0,2074,10.0,0.8921033152310622
Base temperature,17,49.0,2075,10.0,0.8787890767783488
Base temperature,17,50.0,2076,10.0,0.8674597573469305
Base temperature,17,51.0,2077,10.0,0.8578973784729202
Base temperature,17,52.0,2078,10.0,0.8491576455181632
Base temperature,17,53.0,2079,10.0,0.8406959856005356
Base temperature,17,54.0,2080,10.0,0.8323382690380272
Base temperature,17,55.0,2081,10.0,0.824036085462602
Base temperature,17,56.0,2082,10.0,0.815775452061634
Base temperature,17,57.0,2083,10.0,0.807551972685947
Base temperature,17,58.0,2084,10.0,0.7993641828574891
Base temperature,17,59.0,2085,10.0,0.7912116145669379
Base temperature,17,60.0,2086,10.0,0.7830941685712193
Base temperature,17,61.0,2087,10.0,0.77501188984718
Base temperature,17,62.0,2088,10.0,0.766964881439049
Base temperature,17,63.0,2089,10.0,0.7589532699424638
Base temperature,17,64.0,2090,10.0,0.75097719133228
Base temperature,17,65.0,2091,10.0,0.7430367850650815
Base temperature,17,66.0,2092,10.0,0.7351321916072796
Base temperature,17,67.0,2093,10.0,0.727263551394955
Base temperature,17,68.0,2094,10.0,0.7194310043952191
Base temperature,17,69.0,2095,10.0,0.7116346899210153
Base temperature,17,70.0,2096,10.0,0.7038747465528711
Base temperature,17,71.0,2097,10.0,0.6961513121058296
Base temperature,17,72.0,2098,10.0,0.6884645236154727
Base temperature,17,73.0,2099,10.0,0.6808145173320126
Base temperature,17,74.0,2100,10.0,0.673201428717797
Base temperature,18,0.0,2026,10.0,1.0
Base temperature,18,1.0,2027,10.0,1.0
Base temperature,18,2.0,2028,10.0,1.0
Base temperature,18,3.0,2029,10.0,1.0
Base temperature,18,4.0,2030,10.0,1.0
Base temperature,18,5.0,2031,10.0,1.0
Base temperature,18,6.0,2032,10.0,1.0
Base temperature,18,7.0,2033,10.0,1.0
Base temperature,18,8.0,2034,10.0,1.0
Base temperature,18,9.0,2035,10.0,1.0
Base temperature,18,10.0,2036,10.0,1.0
Base temperature,18,11.0,2037,10.0,1.0
Base temperature,18,12.0,2038,10.0,1.0
Base temperature,18,13.0,2039,10.0,1.0
Base temperature,18,14.0,2040,10.0,1.0
Base temperature,18,15.0,2041,10.0,1.0
Base temperature,18,16.0,2042,10.0,1.0
Base temperature,18,17.0,2043,10.0,0.9755303258776864
Base temperature,18,18.0,2044,10.0,0.9539558619826389
Base temperature,18,19.0,2045,10.0,0.9342721505948302
Base temperature,18,20.0,2046,10.0,0.9159925983048334
Base temperature,18,21.0,2047,10.0,0.8988780704786719
Base temperature,18,22.0,2048,10.0,0.8829180394083855
Base temperature,18,23.0,2049,10.0,0.8684762256514823
Base temperature,18,24.0,2050,10.0,0.8561894306964091
Base temperature,18,25.0,2051,10.0,0.8458205303484291
Base temperature,18,26.0,2052,10.0,0.8363450994274585
Base temperature,18,27.0,2053,10.0,0.827172574705824
Base temperature,18,28.0,2054,10.0,0.8181142113610717
Base temperature,18,29.0,2055,10.0,0.8091176059214773
Base temperature,18,30.0,2056,10.0,0.8001676861968834
Base temperature,18,31.0,2057,10.0,0.7912597737135277
Base temperature,18,32.0,2058,10.0,0.7823923677291219
Base temperature,18,33.0,2059,10.0,0.7735650470807212
Base temperature,18,34.0,2060,10.0,0.764777789688687
Base temperature,18,35.0,2061,10.0,0.756030729150638
Base temperature,18,36.0,2062,10.0,0.7473240613650759
Base temperature,18,37.0,2063,10.0,0.7386580071269794
Base temperature,18,38.0,2064,10.0,0.7300327967722599
Base temperature,18,39.0,2065,10.0,0.7214486637890462
Base temperature,18,40.0,2066,10.0,0.7129058421404271
Base temperature,18,41.0,2067,10.0,0.7044045651381257
Base temperature,18,42.0,2068,10.0,0.6959450649676293
Base temperature,18,43.0,2069,10.0,0.6875275724877445
Base temperature,18,44.0,2070,10.0,0.6791523171459256
Base temperature,18,45.0,2071,10.0,0.6708195269425044
Base temperature,18,46.0,2072,10.0,0.6625294284155722
Base temperature,18,47.0,2073,10.0,0.654282246634594
Base temperature,18,48.0,2074,10.0,0.6460782051977092
Base temperature,18,49.0,2075,10.0,0.6379175262305951
Base temperature,18,50.0,2076,10.0,0.6298004303859827
Base temperature,18,51.0,2077,10.0,0.6217271368434573
Base temperature,18,52.0,2078,10.0,0.6136978633093705
Base temperature,18,53.0,2079,10.0,0.6057128260168058
Base temperature,18,54.0,2080,10.0,0.5977722397255631
Base temperature,18,55.0,2081,10.0,0.5898763177221519
Base temperature,18,56.0,2082,10.0,0.5820252718197891
Base temperature,18,57.0,2083,10.0,0.5742193123583977
Base temperature,18,58.0,2084,10.0,0.5664586482046063
Base temperature,18,59.0,2085,10.0,0.5587434867517493
Base temperature,18,60.0,2086,10.0,0.5510740339198661
Base temperature,18,61.0,2087,10.0,0.5434504941557016
Base temperature,18,62.0,2088,10.0,0.5358730704327058
Base temperature,18,63.0,2089,10.0,0.5283419642510349
Base temperature,18,64.0,2090,10.0,0.5208573756375494
Base temperature,18,65.0,2091,10.0,0.5134195031458156
Base temperature,18,66.0,2092,10.0,0.5060285438561055
Base temperature,18,67.0,2093,10.0,0.4986846933753957
Base temperature,18,68.0,2094,10.0,0.49138814583736873
Base temperature,18,69.0,2095,10.0,0.48413909390241233
Base temperature,18,70.0,2096,10.0,0.47693772875761914
Base temperature,18,71.0,2097,10.0,0.4697842401167877
Base temperature,18,72.0,2098,10.0,0.4626788162204218
Base temperature,18,73.0,2099,10.0,0.4556216438357302
Base temperature,18,74.0,2100,10.0,0.4486129082566273
Base temperature,19,0.0,2026,10.0,1.0
Base temperature,19,1.0,2027,10.0,1.0
Base temperature,19,2.0,2028,10.0,1.0
Base temperature,19,3.0,2029,10.0,1.0
Base temperature,19,4.0,2030,10.0,1.0
Base temperature,19,5.0,2031,10.0,1.0
Base temperature,19,6.0,2032,10.0,1.0
Base temperature,19,7.0,2033,10.0,1.0
Base temperature,19,8.0,2034,10.0,1.0
Base temperature,19,9.0,2035,10.0,1.0
Base temperature,19,10.0,2036,10.0,1.0
Base temperature,19,11.0,2037,10.0,1.0
Base temperature,19,12.0,2038,10.0,1.0
Base temperature,19,13.0,2039,10.0,1.0
Base temperature,19,14.0,2040,10.0,1.0
Base temperature,19,15.0,2041,10.0,1.0
Base temperature,19,16.0,2042,10.0,1.0
Base temperature,19,17.0,2043,10.0,1.0
Base temperature,19,18.0,2044,10.0,1.0
Base temperature,19,19.0,2045,10.0,1.0
Base temperature,19,20.0,2046,10.0,1.0
Base temperature,19,21.0,2047,10.0,1.0
Base temperature,19,22.0,2048,10.0,1.0
Base temperature,19,23.0,2049,10.0,1.0
Base temperature,19,24.0,2050,10.0,1.0
Base temperature,19,25.0,2051,10.0,1.0
Base temperature,19,26.0,2052,10.0,1.0
Base temperature,19,27.0,2053,10.0,1.0
Base temperature,19,28.0,2054,10.0,1.0
Base temperature,19,29.0,2055,10.0,1.0
Base temperature,19,30.0,2056,10.0,1.0
Base temperature,19,31.0,2057,10.0,1.0
Base temperature,19,32.0,2058,10.0,1.0
Base temperature,19,33.0,2059,10.0,1.0
Base temperature,19,34.0,2060,10.0,1.0
Base temperature,19,35.0,2061,10.0,1.0
Base temperature,19,36.0,2062,10.0,1.0
Base temperature,19,37.0,2063,10.0,1.0
Base temperature,19,38.0,2064,10.0,1.0
Base temperature,19,39.0,2065,10.0,0.9721745063766374
Base temperature,19,40.0,2066,10.0,0.9477009789757131
Base temperature,19,41.0,2067,10.0,0.9254218273975937
Base temperature,19,42.0,2068,10.0,0.9047749498070338
Base temperature,19,43.0,2069,10.0,0.8854820185673601
Base temperature,19,44.0,2070,10.0,0.8675241502827123
Base temperature,19,45.0,2071,10.0,0.8513028867591953
Base temperature,19,46.0,2072,10.0,0.8375236401917225
Base temperature,19,47.0,2073,10.0,0.8259107817990844
Base temperature,19,48.0,2074,10.0,0.8153111403838071
Base temperature,19,49.0,2075,10.0,0.805061874809949
Base temperature,19,50.0,2076,10.0,0.7949514077481276
Base temperature,19,51.0,2077,10.0,0.7849210260185859
Base temperature,19,52.0,2078,10.0,0.7749538284782062
Base temperature,19,53.0,2079,10.0,0.7650445456371155
Base temperature,19,54.0,2080,10.0,0.7551914615416065
Base temperature,19,55.0,2081,10.0,0.7453940665622584
Base temperature,19,56.0,2082,10.0,0.7356522966473926
Base temperature,19,57.0,2083,10.0,0.7259662614254493
Base temperature,19,58.0,2084,10.0,0.7163361399919196
Base temperature,19,59.0,2085,10.0,0.7067621392051165
Base temperature,19,60.0,2086,10.0,0.6972444765833272
Base temperature,19,61.0,2087,10.0,0.6877833731968253
Base temperature,19,62.0,2088,10.0,0.6783790506924916
Base temperature,19,63.0,2089,10.0,0.6690317300434762
Base temperature,19,64.0,2090,10.0,0.6597416310226413
Base temperature,19,65.0,2091,10.0,0.6505089719805499
Base temperature,19,66.0,2092,10.0,0.6413339697518008
Base temperature,19,67.0,2093,10.0,0.6322168396154975
Base temperature,19,68.0,2094,10.0,0.623157795278565
Base temperature,19,69.0,2095,10.0,0.6141570488687085
Base temperature,19,70.0,2096,10.0,0.6052148109314429
Base temperature,19,71.0,2097,10.0,0.5963312904288415
Base temperature,19,72.0,2098,10.0,0.5875066947390056
Base temperature,19,73.0,2099,10.0,0.5787412296558441
Base temperature,19,74.0,2100,10.0,0.5700350993889787
Base temperature,20,0.0,2026,10.0,1.0
Base temperature,20,1.0,2027,10.0,1.0
Base temperature,20,2.0,2028,10.0,1.0
Base temperature,20,3.0,2029,10.0,1.0
Base temperature,20,4.0,2030,10.0,1.0
Base temperature,20,5.0,2031,10.0,1.0
Base temperature,20,6.0,2032,10.0,1.0
Base temperature,20,7.0,2033,10.0,1.0
Base temperature,20,8.0,2034,10.0,1.0
Base temperature,20,9.0,2035,10.0,1.0
Base temperature,20,10.0,2036,10.0,1.0
Base temperature,20,11.0,2037,10.0,1.0
Base temperature,20,12.0,2038,10.0,1.0
Base temperature,20,13.0,2039,10.0,1.0
Base temperature,20,14.0,2040,10.0,1.0
Base temperature,20,15.0,2041,10.0,1.0
Base temperature,20,16.0,2042,10.0,1.0
Base temperature,20,17.0,2043,10.0,1.0
Base temperature,20,18.0,2044,10.0,1.0
Base temperature,20,19.0,2045,10.0,1.0
Base temperature,20,20.0,2046,10.0,1.0
Base temperature,20,21.0,2047,10.0,1.0
Base temperature,20,22.0,2048,10.0,1.0
Base temperature,20,23.0,2049,10.0,1.0
Base temperature,20,24.0,2050,10.0,1.0
Base temperature,20,25.0,2051,10.0,1.0
Base temperature,20,26.0,2052,10.0,1.0
Base temperature,20,27.0,2053,10.0,1.0
Base temperature,20,28.0,2054,10.0,1.0
Base temperature,20,29.0,2055,10.0,1.0
Base temperature,20,30.0,2056,10.0,1.0
Base temperature,20,31.0,2057,10.0,1.0
Base temperature,20,32.0,2058,10.0,1.0
Base temperature,20,33.0,2059,10.0,1.0
Base temperature,20,34.0,2060,10.0,1.0
Base temperature,20,35.0,2061,10.0,1.0
Base temperature,20,36.0,2062,10.0,1.0
Base temperature,20,37.0,2063,10.0,1.0
Base temperature,20,38.0,2064,10.0,1.0
Base temperature,20,39.0,2065,10.0,1.0
Base temperature,20,40.0,2066,10.0,1.0
Base temperature,20,41.0,2067,10.0,1.0
Base temperature,20,42.0,2068,10.0,1.0
Base temperature,20,43.0,2069,10.0,1.0
Base temperature,20,44.0,2070,10.0,1.0
Base temperature,20,45.0,2071,10.0,1.0
Base temperature,20,46.0,2072,10.0,1.0
Base temperature,20,47.0,2073,10.0,1.0
Base temperature,20,48.0,2074,10.0,1.0
Base temperature,20,49.0,2075,10.0,1.0
Base temperature,20,50.0,2076,10.0,1.0
Base temperature,20,51.0,2077,10.0,1.0
Base temperature,20,52.0,2078,10.0,1.0
Base temperature,20,53.0,2079,10.0,0.9749643424702761
Base temperature,20,54.0,2080,10.0,0.952881915047032
Base temperature,20,55.0,2081,10.0,0.9327279723017902
Base temperature,20,56.0,2082,10.0,0.914006354959973
Base temperature,20,57.0,2083,10.0,0.8964735890838033
Base temperature,20,58.0,2084,10.0,0.8801200335429519
Base temperature,20,59.0,2085,10.0,0.8653194467613379
Base temperature,20,60.0,2086,10.0,0.8527255648373574
Base temperature,20,61.0,2087,10.0,0.8420962877690614
Base temperature,20,62.0,2088,10.0,0.8323820067000316
Base temperature,20,63.0,2089,10.0,0.822977498573646
Base temperature,20,64.0,2090,10.0,0.8136893520124302
Base temperature,20,65.0,2091,10.0,0.8044639082998872
Base temperature,20,66.0,2092,10.0,0.7952857770908549
Base temperature,20,67.0,2093,10.0,0.7861502230607759
Base temperature,20,68.0,2094,10.0,0.7770557683964383
Base temperature,20,69.0,2095,10.0,0.7680020417431213
Base temperature,20,70.0,2096,10.0,0.7589890805132783
Base temperature,20,71.0,2097,10.0,0.7500170813154833
Base temperature,20,72.0,2098,10.0,0.7410863042071805
Base temperature,20,73.0,2099,10.0,0.732197034338218
Base temperature,20,74.0,2100,10.0,0.7233495662035385
Base temperature,21,0.0,2026,10.0,1.0
Base temperature,21,1.0,2027,10.0,1.0
Base temperature,21,2.0,2028,10.0,1.0
Base temperature,21,3.0,2029,10.0,1.0
Base temperature,21,4.0,2030,10.0,1.0
Base temperature,21,5.0,2031,10.0,1.0
Base temperature,21,6.0,2032,10.0,1.0
Base temperature,21,7.0,2033,10.0,1.0
Base temperature,21,8.0,2034,10.0,1.0
Base temperature,21,9.0,2035,10.0,1.0
Base temperature,21,10.0,2036,10.0,1.0
Base temperature,21,11.0,2037,10.0,1.0
Base temperature,21,12.0,2038,10.0,1.0
Base temperature,21,13.0,2039,10.0,1.0
Base temperature,21,14.0,2040,10.0,1.0
Base temperature,21,15.0,2041,10.0,1.0
Base temperature,21,16.0,2042,10.0,1.0
Base temperature,21,17.0,2043,10.0,1.0
Base temperature,21,18.0,2044,10.0,1.0
Base temperature,21,19.0,2045,10.0,1.0
Base temperature,21,20.0,2046,10.0,1.0
Base temperature,21,21.0,2047,10.0,1.0
Base temperature,21,22.0,2048,10.0,1.0
Base temperature,21,23.0,2049,10.0,1.0
Base temperature,21,24.0,2050,10.0,1.0
Base temperature,21,25.0,2051,10.0,1.0
Base temperature,21,26.0,2052,10.0,1.0
Base temperature,21,27.0,2053,10.0,1.0
Base temperature,21,28.0,2054,10.0,1.0
Base temperature,21,29.0,2055,10.0,1.0
Base temperature,21,30.0,2056,10.0,1.0
Base temperature,21,31.0,2057,10.0,1.0
Base temperature,21,32.0,2058,10.0,1.0
Base temperature,21,33.0,2059,10.0,1.0
Base temperature,21,34.0,2060,10.0,1.0
Base temperature,21,35.0,2061,10.0,1.0
Base temperature,21,36.0,2062,10.0,1.0
Base temperature,21,37.0,2063,10.0,1.0
Base temperature,21,38.0,2064,10.0,1.0
Base temperature,21,39.0,2065,10.0,1.0
Base temperature,21,40.0,2066,10.0,1.0
Base temperature,21,41.0,2067,10.0,1.0
Base temperature,21,42.0,2068,10.0,1.0
Base temperature,21,43.0,2069,10.0,1.0
Base temperature,21,44.0,2070,10.0,1.0
Base temperature,21,45.0,2071,10.0,1.0
Base temperature,21,46.0,2072,10.0,1.0
Base temperature,21,47.0,2073,10.0,1.0
Base temperature,21,48.0,2074,10.0,1.0
Base temperature,21,49.0,2075,10.0,1.0
Base temperature,21,50.0,2076,10.0,1.0
Base temperature,21,51.0,2077,10.0,1.0
Base temperature,21,52.0,2078,10.0,1.0
Base temperature,21,53.0,2079,10.0,1.0
Base temperature,21,54.0,2080,10.0,1.0
Base temperature,21,55.0,2081,10.0,1.0
Base temperature,21,56.0,2082,10.0,1.0
Base temperature,21,57.0,2083,10.0,1.0
Base temperature,21,58.0,2084,10.0,1.0
Base temperature,21,59.0,2085,10.0,1.0
Base temperature,21,60.0,2086,10.0,1.0
Base temperature,21,61.0,2087,10.0,1.0
Base temperature,21,62.0,2088,10.0,1.0
Base temperature,21,63.0,2089,10.0,1.0
Base temperature,21,64.0,2090,10.0,1.0
Base temperature,21,65.0,2091,10.0,1.0
Base temperature,21,66.0,2092,10.0,1.0
Base temperature,21,67.0,2093,10.0,1.0
Base temperature,21,68.0,2094,10.0,1.0
Base temperature,21,69.0,2095,10.0,1.0
Base temperature,21,70.0,2096,10.0,1.0
Base temperature,21,71.0,2097,10.0,1.0
Base temperature,21,72.0,2098,10.0,1.0
Base temperature,21,73.0,2099,10.0,1.0
Base temperature,21,74.0,2100,10.0,1.0
Base temperature,22,0.0,2026,10.0,1.0
Base temperature,22,1.0,2027,10.0,1.0
Base temperature,22,2.0,2028,10.0,1.0
Base temperature,22,3.0,2029,10.0,1.0
Base temperature,22,4.0,2030,10.0,1.0
Base temperature,22,5.0,2031,10.0,1.0
Base temperature,22,6.0,2032,10.0,1.0
Base temperature,22,7.0,2033,10.0,1.0
Base temperature,22,8.0,2034,10.0,1.0
Base temperature,22,9.0,2035,10.0,1.0
Base temperature,22,10.0,2036,10.0,1.0
Base temperature,22,11.0,2037,10.0,1.0
Base temperature,22,12.0,2038,10.0,1.0
Base temperature,22,13.0,2039,10.0,1.0
Base temperature,22,14.0,2040,10.0,1.0
Base temperature,22,15.0,2041,10.0,1.0
Base temperature,22,16.0,2042,10.0,1.0
Base temperature,22,17.0,2043,10.0,1.0
Base temperature,22,18.0,2044,10.0,1.0
Base temperature,22,19.0,2045,10.0,1.0
Base temperature,22,20.0,2046,10.0,1.0
Base temperature,22,21.0,2047,10.0,1.0
Base temperature,22,22.0,2048,10.0,1.0
Base temperature,22,23.0,2049,10.0,1.0
Base temperature,22,24.0,2050,10.0,1.0
Base temperature,22,25.0,2051,10.0,1.0
Base temperature,22,26.0,2052,10.0,1.0
Base temperature,22,27.0,2053,10.0,1.0
Base temperature,22,28.0,2054,10.0,1.0
Base temperature,22,29.0,2055,10.0,1.0
Base temperature,22,30.0,2056,10.0,1.0
Base temperature,22,31.0,2057,10.0,1.0
Base temperature,22,32.0,2058,10.0,1.0
Base temperature,22,33.0,2059,10.0,1.0
Base temperature,22,34.0,2060,10.0,1.0
Base temperature,22,35.0,2061,10.0,1.0
Base temperature,22,36.0,2062,10.0,1.0
Base temperature,22,37.0,2063,10.0,1.0
Base temperature,22,38.0,2064,10.0,1.0
Base temperature,22,39.0,2065,10.0,1.0
Base temperature,22,40.0,2066,10.0,1.0
Base temperature,22,41.0,2067,10.0,1.0
Base temperature,22,42.0,2068,10.0,1.0
Base temperature,22,43.0,2069,10.0,1.0
Base temperature,22,44.0,2070,10.0,1.0
Base temperature,22,45.0,2071,10.0,1.0
Base temperature,22,46.0,2072,10.0,1.0
Base temperature,22,47.0,2073,10.0,0.9615299423675661
Base temperature,22,48.0,2074,10.0,0.9277169058983262
Base temperature,22,49.0,2075,10.0,0.8969664870664044
Base temperature,22,50.0,2076,10.0,0.8685050861544804
Base temperature,22,51.0,2077,10.0,0.8419497078791013
Base temperature,22,52.0,2078,10.0,0.8172732761015731
Base temperature,22,53.0,2079,10.0,0.795022914531825
Base temperature,22,54.0,2080,10.0,0.776155663250232
Base temperature,22,55.0,2081,10.0,0.7602810351471263
Base temperature,22,56.0,2082,10.0,0.7458141862306226
Base temperature,22,57.0,2083,10.0,0.7318476241637045
Base temperature,22,58.0,2084,10.0,0.7180928395381427
Base temperature,22,59.0,2085,10.0,0.7044705762469922
Base temperature,22,60.0,2086,10.0,0.6909587316080753
Base temperature,22,61.0,2087,10.0,0.6775510773134519
Base temperature,22,62.0,2088,10.0,0.6642462220851245
Base temperature,22,63.0,2089,10.0,0.6510444074980068
Base temperature,22,64.0,2090,10.0,0.6379464704460024
Base temperature,22,65.0,2091,10.0,0.6249534727224878
Base temperature,22,66.0,2092,10.0,0.6120665592317331
Base temperature,22,67.0,2093,10.0,0.5992869013336398
Base temperature,22,68.0,2094,10.0,0.5866156736486915
Base temperature,22,69.0,2095,10.0,0.5740540444356652
Base temperature,22,70.0,2096,10.0,0.5616031715716351
Base temperature,22,71.0,2097,10.0,0.5492642008661429
Base temperature,22,72.0,2098,10.0,0.5370382653527856
Base temperature,22,73.0,2099,10.0,0.5249264849912103
Base temperature,22,74.0,2100,10.0,0.5129299665416842
Base temperature,23,0.0,2026,10.0,1.0
Base temperature,23,1.0,2027,10.0,1.0
Base temperature,23,2.0,2028,10.0,1.0
Base temperature,23,3.0,2029,10.0,1.0
Base temperature,23,4.0,2030,10.0,1.0
Base temperature,23,5.0,2031,10.0,1.0
Base temperature,23,6.0,2032,10.0,1.0
Base temperature,23,7.0,2033,10.0,1.0
Base temperature,23,8.0,2034,10.0,1.0
Base temperature,23,9.0,2035,10.0,1.0
Base temperature,23,10.0,2036,10.0,1.0
Base temperature,23,11.0,2037,10.0,1.0
Base temperature,23,12.0,2038,10.0,1.0
Base temperature,23,13.0,2039,10.0,1.0
Base temperature,23,14.0,2040,10.0,1.0
Base temperature,23,15.0,2041,10.0,1.0
Base temperature,23,16.0,2042,10.0,1.0
Base temperature,23,17.0,2043,10.0,1.0
Base temperature,23,18.0,2044,10.0,1.0
Base temperature,23,19.0,2045,10.0,1.0
Base temperature,23,20.0,2046,10.0,1.0
Base temperature,23,21.0,2047,10.0,1.0
Base temperature,23,22.0,2048,10.0,1.0
Base temperature,23,23.0,2049,10.0,1.0
Base temperature,23,24.0,2050,10.0,1.0
Base temperature,23,25.0,2051,10.0,1.0
Base temperature,23,26.0,2052,10.0,1.0
Base temperature,23,27.0,2053,10.0,1.0
Base temperature,23,28.0,2054,10.0,1.0
Base temperature,23,29.0,2055,10.0,1.0
Base temperature,23,30.0,2056,10.0,1.0
Base temperature,23,31.0,2057,10.0,1.0
Base temperature,23,32.0,2058,10.0,1.0
Base temperature,23,33.0,2059,10.0,1.0
Base temperature,23,34.0,2060,10.0,1.0
Base temperature,23,35.0,2061,10.0,1.0
Base temperature,23,36.0,2062,10.0,1.0
Base temperature,23,37.0,2063,10.0,1.0
Base temperature,23,38.0,2064,10.0,1.0
Base temperature,23,39.0,2065,10.0,1.0
Base temperature,23,40.0,2066,10.0,1.0
Base temperature,23,41.0,2067,10.0,1.0
Base temperature,23,42.0,2068,10.0,1.0
Base temperature,23,43.0,2069,10.0,1.0
Base temperature,23,44.0,2070,10.0,1.0
Base temperature,23,45.0,2071,10.0,1.0
Base temperature,23,46.0,2072,10.0,1.0
Base temperature,23,47.0,2073,10.0,1.0
Base temperature,23,48.0,2074,10.0,1.0
Base temperature,23,49.0,2075,10.0,1.0
Base temperature,23,50.0,2076,10.0,1.0
Base temperature,23,51.0,2077,10.0,1.0
Base temperature,23,52.0,2078,10.0,1.0
Base temperature,23,53.0,2079,10.0,0.9688003972389941
Base temperature,23,54.0,2080,10.0,0.9413882543760177
Base temperature,23,55.0,2081,10.0,0.9164595910516292
Base temperature,23,56.0,2082,10.0,0.8933807262874582
Base temperature,23,57.0,2083,10.0,0.8718369991856579
Base temperature,23,58.0,2084,10.0,0.8518040868519634
Base temperature,23,59.0,2085,10.0,0.8337259400465872
Base temperature,23,60.0,2086,10.0,0.8183830393464739
Base temperature,23,61.0,2087,10.0,0.8054625414841885
Base temperature,23,62.0,2088,10.0,0.7936777709111499
Base temperature,23,63.0,2089,10.0,0.7822904412749547
Base temperature,23,64.0,2090,10.0,0.7710651581350577
Base temperature,23,65.0,2091,10.0,0.7599367143737951
Base temperature,23,66.0,2092,10.0,0.748886423921274
Base temperature,23,67.0,2093,10.0,0.7379085351812514
Base temperature,23,68.0,2094,10.0,0.7270012455481468
Base temperature,23,69.0,2095,10.0,0.7161640916259603
Base temperature,23,70.0,2096,10.0,0.7053971037359145
Base temperature,23,71.0,2097,10.0,0.6947005038753387
Base temperature,23,72.0,2098,10.0,0.6840745900160298
Base temperature,23,73.0,2099,10.0,0.6735196898315947
Base temperature,23,74.0,2100,10.0,0.6630361417339861
Base temperature,24,0.0,2026,10.0,1.0
Base temperature,24,1.0,2027,10.0,1.0
Base temperature,24,2.0,2028,10.0,1.0
Base temperature,24,3.0,2029,10.0,1.0
Base temperature,24,4.0,2030,10.0,1.0
Base temperature,24,5.0,2031,10.0,1.0
Base temperature,24,6.0,2032,10.0,1.0
Base temperature,24,7.0,2033,10.0,1.0
Base temperature,24,8.0,2034,10.0,1.0
Base temperature,24,9.0,2035,10.0,1.0
Base temperature,24,10.0,2036,10.0,1.0
Base temperature,24,11.0,2037,10.0,1.0
Base temperature,24,12.0,2038,10.0,1.0
Base temperature,24,13.0,2039,10.0,1.0
Base temperature,24,14.0,2040,10.0,1.0
Base temperature,24,15.0,2041,10.0,1.0
Base temperature,24,16.0,2042,10.0,1.0
Base temperature,24,17.0,2043,10.0,1.0
Base temperature,24,18.0,2044,10.0,1.0
Base temperature,24,19.0,2045,10.0,1.0
Base temperature,24,20.0,2046,10.0,1.0
Base temperature,24,21.0,2047,10.0,1.0
Base temperature,24,22.0,2048,10.0,1.0
Base temperature,24,23.0,2049,10.0,1.0
Base temperature,24,24.0,2050,10.0,1.0
Base temperature,24,25.0,2051,10.0,1.0
Base temperature,24,26.0,2052,10.0,1.0
Base temperature,24,27.0,2053,10.0,1.0
Base temperature,24,28.0,2054,10.0,1.0
Base temperature,24,29.0,2055,10.0,1.0
Base temperature,24,30.0,2056,10.0,1.0
Base temperature,24,31.0,2057,10.0,1.0
Base temperature,24,32.0,2058,10.0,1.0
Base temperature,24,33.0,2059,10.0,0.9653643481741313
Base temperature,24,34.0,2060,10.0,0.9349402595526779
Base temperature,24,35.0,2061,10.0,0.9072815489456997
Base temperature,24,36.0,2062,10.0,0.8816855785037276
Base temperature,24,37.0,2063,10.0,0.8578034343903564
Base temperature,24,38.0,2064,10.0,0.8356077609958413
Base temperature,24,39.0,2065,10.0,0.8155890700282276
Base temperature,24,40.0,2066,10.0,0.7986086156995461
Base temperature,24,41.0,2067,10.0,0.7843164734555715
Base temperature,24,42.0,2068,10.0,0.7712869869296448
Base temperature,24,43.0,2069,10.0,0.7587030935873238
Base temperature,24,44.0,2070,10.0,0.7463046019491968
Base temperature,24,45.0,2071,10.0,0.734019656456899
Base temperature,24,46.0,2072,10.0,0.7218278607108959
Base temperature,24,47.0,2073,10.0,0.7097231189591588
Base temperature,24,48.0,2074,10.0,0.6977036982142196
Base temperature,24,49.0,2075,10.0,0.6857693426596224
Base temperature,24,50.0,2076,10.0,0.6739203390713336
Base temperature,24,51.0,2077,10.0,0.6621571830648704
Base temperature,24,52.0,2078,10.0,0.6504804512979774
Base temperature,24,53.0,2079,10.0,0.6388907503845658
Base temperature,24,54.0,2080,10.0,0.6273886959695709
Base temperature,24,55.0,2081,10.0,0.6159749040435696
Base temperature,24,56.0,2082,10.0,0.6046499873120174
Base temperature,24,57.0,2083,10.0,0.5934145536716473
Base temperature,24,58.0,2084,10.0,0.582269205569777
Base temperature,24,59.0,2085,10.0,0.5712145397345828
Base temperature,24,60.0,2086,10.0,0.5602511470614814
Base temperature,24,61.0,2087,10.0,0.5493796125652591
Base temperature,24,62.0,2088,10.0,0.5386005153598996
Base temperature,24,63.0,2089,10.0,0.5279144286500872
Base temperature,24,64.0,2090,10.0,0.517321919727628
Base temperature,24,65.0,2091,10.0,0.5068235499699433
Base temperature,24,66.0,2092,10.0,0.4964198748394363
Base temperature,24,67.0,2093,10.0,0.486111443883225
Base temperature,24,68.0,2094,10.0,0.4758988007330311
Base temperature,24,69.0,2095,10.0,0.4657824831051324
Base temperature,24,70.0,2096,10.0,0.4557630228003429
Base temperature,24,71.0,2097,10.0,0.44584094570400573
Base temperature,24,72.0,2098,10.0,0.43601677178598836
Base temperature,24,73.0,2099,10.0,0.42629101510068246
Base temperature,24,74.0,2100,10.0,0.4166641837870017
Base temperature,25,0.0,2026,10.0,1.0
Base temperature,25,1.0,2027,10.0,1.0
Base temperature,25,2.0,2028,10.0,1.0
Base temperature,25,3.0,2029,10.0,1.0
Base temperature,25,4.0,2030,10.0,1.0
Base temperature,25,5.0,2031,10.0,1.0
Base temperature,25,6.0,2032,10.0,1.0
Base temperature,25,7.0,2033,10.0,1.0
Base temperature,25,8.0,2034,10.0,1.0
Base temperature,25,9.0,2035,10.0,1.0
Base temperature,25,10.0,2036,10.0,1.0
Base temperature,25,11.0,2037,10.0,1.0
Base temperature,25,12.0,2038,10.0,1.0
Base temperature,25,13.0,2039,10.0,1.0
Base temperature,25,14.0,2040,10.0,1.0
Base temperature,25,15.0,2041,10.0,1.0
Base temperature,25,16.0,2042,10.0,1.0
Base temperature,25,17.0,2043,10.0,1.0
Base temperature,25,18.0,2044,10.0,1.0
Base temperature,25,19.0,2045,10.0,1.0
Base temperature,25,20.0,2046,10.0,1.0
Base temperature,25,21.0,2047,10.0,1.0
Base temperature,25,22.0,2048,10.0,1.0
Base temperature,25,23.0,2049,10.0,1.0
Base temperature,25,24.0,2050,10.0,1.0
Base temperature,25,25.0,2051,10.0,1.0
Base temperature,25,26.0,2052,10.0,1.0
Base temperature,25,27.0,2053,10.0,1.0
Base temperature,25,28.0,2054,10.0,1.0
Base temperature,25,29.0,2055,10.0,1.0
Base temperature,25,30.0,2056,10.0,1.0
Base temperature,25,31.0,2057,10.0,1.0
Base temperature,25,32.0,2058,10.0,1.0
Base temperature,25,33.0,2059,10.0,1.0
Base temperature,25,34.0,2060,10.0,1.0
Base temperature,25,35.0,2061,10.0,1.0
Base temperature,25,36.0,2062,10.0,1.0
Base temperature,25,37.0,2063,10.0,1.0
Base temperature,25,38.0,2064,10.0,1.0
Base temperature,25,39.0,2065,10.0,1.0
Base temperature,25,40.0,2066,10.0,1.0
Base temperature,25,41.0,2067,10.0,1.0
Base temperature,25,42.0,2068,10.0,1.0
Base temperature,25,43.0,2069,10.0,1.0
Base temperature,25,44.0,2070,10.0,1.0
Base temperature,25,45.0,2071,10.0,1.0
Base temperature,25,46.0,2072,10.0,1.0
Base temperature,25,47.0,2073,10.0,1.0
Base temperature,25,48.0,2074,10.0,1.0
Base temperature,25,49.0,2075,10.0,1.0
Base temperature,25,50.0,2076,10.0,1.0
Base temperature,25,51.0,2077,10.0,1.0
Base temperature,25,52.0,2078,10.0,1.0
Base temperature,25,53.0,2079,10.0,1.0
Base temperature,25,54.0,2080,10.0,1.0
Base temperature,25,55.0,2081,10.0,1.0
Base temperature,25,56.0,2082,10.0,1.0
Base temperature,25,57.0,2083,10.0,1.0
Base temperature,25,58.0,2084,10.0,1.0
Base temperature,25,59.0,2085,10.0,1.0
Base temperature,25,60.0,2086,10.0,1.0
Base temperature,25,61.0,2087,10.0,1.0
Base temperature,25,62.0,2088,10.0,1.0
Base temperature,25,63.0,2089,10.0,1.0
Base temperature,25,64.0,2090,10.0,1.0
Base temperature,25,65.0,2091,10.0,1.0
Base temperature,25,66.0,2092,10.0,1.0
Base temperature,25,67.0,2093,10.0,1.0
Base temperature,25,68.0,2094,10.0,1.0
Base temperature,25,69.0,2095,10.0,1.0
Base temperature,25,70.0,2096,10.0,1.0
Base temperature,25,71.0,2097,10.0,1.0
Base temperature,25,72.0,2098,10.0,1.0
Base temperature,25,73.0,2099,10.0,1.0
Base temperature,25,74.0,2100,10.0,1.0
Base temperature,26,0.0,2026,10.0,1.0
Base temperature,26,1.0,2027,10.0,1.0
Base temperature,26,2.0,2028,10.0,1.0
Base temperature,26,3.0,2029,10.0,1.0
Base temperature,26,4.0,2030,10.0,1.0
Base temperature,26,5.0,2031,10.0,1.0
Base temperature,26,6.0,2032,10.0,1.0
Base temperature,26,7.0,2033,10.0,1.0
Base temperature,26,8.0,2034,10.0,1.0
Base temperature,26,9.0,2035,10.0,1.0
Base temperature,26,10.0,2036,10.0,1.0
Base temperature,26,11.0,2037,10.0,1.0
Base temperature,26,12.0,2038,10.0,1.0
Base temperature,26,13.0,2039,10.0,1.0
Base temperature,26,14.0,2040,10.0,1.0
Base temperature,26,15.0,2041,10.0,1.0
Base temperature,26,16.0,2042,10.0,1.0
Base temperature,26,17.0,2043,10.0,1.0
Base temperature,26,18.0,2044,10.0,1.0
Base temperature,26,19.0,2045,10.0,1.0
Base temperature,26,20.0,2046,10.0,1.0
Base temperature,26,21.0,2047,10.0,1.0
Base temperature,26,22.0,2048,10.0,1.0
Base temperature,26,23.0,2049,10.0,1.0
Base temperature,26,24.0,2050,10.0,1.0
Base temperature,26,25.0,2051,10.0,1.0
Base temperature,26,26.0,2052,10.0,1.0
Base temperature,26,27.0,2053,10.0,1.0
Base temperature,26,28.0,2054,10.0,1.0
Base temperature,26,29.0,2055,10.0,1.0
Base temperature,26,30.0,2056,10.0,1.0
Base temperature,26,31.0,2057,10.0,1.0
Base temperature,26,32.0,2058,10.0,1.0
Base temperature,26,33.0,2059,10.0,1.0
Base temperature,26,34.0,2060,10.0,1.0
Base temperature,26,35.0,2061,10.0,1.0
Base temperature,26,36.0,2062,10.0,1.0
Base temperature,26,37.0,2063,10.0,1.0
Base temperature,26,38.0,2064,10.0,1.0
Base temperature,26,39.0,2065,10.0,1.0
Base temperature,26,40.0,2066,10.0,1.0
Base temperature,26,41.0,2067,10.0,1.0
Base temperature,26,42.0,2068,10.0,1.0
Base temperature,26,43.0,2069,10.0,1.0
Base temperature,26,44.0,2070,10.0,1.0
Base temperature,26,45.0,2071,10.0,1.0
Base temperature,26,46.0,2072,10.0,1.0
Base temperature,26,47.0,2073,10.0,1.0
Base temperature,26,48.0,2074,10.0,1.0
Base temperature,26,49.0,2075,10.0,1.0
Base temperature,26,50.0,2076,10.0,1.0
Base temperature,26,51.0,2077,10.0,1.0
Base temperature,26,52.0,2078,10.0,1.0
Base temperature,26,53.0,2079,10.0,1.0
Base temperature,26,54.0,2080,10.0,1.0
Base temperature,26,55.0,2081,10.0,1.0
Base temperature,26,56.0,2082,10.0,0.980717543375844
Base temperature,26,57.0,2083,10.0,0.9636880015100824
Base temperature,26,58.0,2084,10.0,0.9481260431061574
Base temperature,26,59.0,2085,10.0,0.9336517443944876
Base temperature,26,60.0,2086,10.0,0.9200792991309119
Base temperature,26,61.0,2087,10.0,0.9074035437736218
Base temperature,26,62.0,2088,10.0,0.8959171914907591
Base temperature,26,63.0,2089,10.0,0.8861320919968081
Base temperature,26,64.0,2090,10.0,0.8778649542987053
Base temperature,26,65.0,2091,10.0,0.8703024066364577
Base temperature,26,66.0,2092,10.0,0.8629743542937072
Base temperature,26,67.0,2093,10.0,0.8557303187162922
Base temperature,26,68.0,2094,10.0,0.8485284243670179
Base temperature,26,69.0,2095,10.0,0.8413565589254609
Base temperature,26,70.0,2096,10.0,0.8342109030938023
Base temperature,26,71.0,2097,10.0,0.8270901751874842
Base temperature,26,72.0,2098,10.0,0.8199939566701441
Base temperature,26,73.0,2099,10.0,0.8129221487455419
Base temperature,26,74.0,2100,10.0,0.8058747778526022
Base temperature,27,0.0,2026,10.0,1.0
Base temperature,27,1.0,2027,10.0,1.0
Base temperature,27,2.0,2028,10.0,1.0
Base temperature,27,3.0,2029,10.0,1.0
Base temperature,27,4.0,2030,10.0,1.0
Base temperature,27,5.0,2031,10.0,1.0
Base temperature,27,6.0,2032,10.0,1.0
Base temperature,27,7.0,2033,10.0,1.0
Base temperature,27,8.0,2034,10.0,1.0
Base temperature,27,9.0,2035,10.0,1.0
Base temperature,27,10.0,2036,10.0,1.0
Base temperature,27,11.0,2037,10.0,1.0
Base temperature,27,12.0,2038,10.0,1.0
Base temperature,27,13.0,2039,10.0,1.0
Base temperature,27,14.0,2040,10.0,1.0
Base temperature,27,15.0,2041,10.0,1.0
Base temperature,27,16.0,2042,10.0,1.0
Base temperature,27,17.0,2043,10.0,1.0
Base temperature,27,18.0,2044,10.0,1.0
Base temperature,27,19.0,2045,10.0,1.0
Base temperature,27,20.0,2046,10.0,1.0
Base temperature,27,21.0,2047,10.0,1.0
Base temperature,27,22.0,2048,10.0,1.0
Base temperature,27,23.0,2049,10.0,1.0
Base temperature,27,24.0,2050,10.0,1.0
Base temperature,27,25.0,2051,10.0,0.978705336309533
Base temperature,27,26.0,2052,10.0,0.9599149521846538
Base temperature,27,27.0,2053,10.0,0.9427577235983542
Base temperature,27,28.0,2054,10.0,0.9268118942682324
Base temperature,27,29.0,2055,10.0,0.9118706539598884
Base temperature,27,30.0,2056,10.0,0.8979264701813787
Base temperature,27,31.0,2057,10.0,0.8852992179947219
Base temperature,27,32.0,2058,10.0,0.8745487327574453
Base temperature,27,33.0,2059,10.0,0.865470753259922
Base temperature,27,34.0,2060,10.0,0.8571703773569229
Base temperature,27,35.0,2061,10.0,0.8491309954002559
Base temperature,27,36.0,2062,10.0,0.8411873436180177
Base temperature,27,37.0,2063,10.0,0.8332934645202547
Base temperature,27,38.0,2064,10.0,0.8254360836217121
Base temperature,27,39.0,2065,10.0,0.8176110299066984
Base temperature,27,40.0,2066,10.0,0.8098169170051444
Base temperature,27,41.0,2067,10.0,0.8020533053106746
Base temperature,27,42.0,2068,10.0,0.7943201057035074
Base temperature,27,43.0,2069,10.0,0.786617366188563
Base temperature,27,44.0,2070,10.0,0.7789451900089751
Base temperature,27,45.0,2071,10.0,0.7713037028281723
Base temperature,27,46.0,2072,10.0,0.7636930392500749
Base temperature,27,47.0,2073,10.0,0.756113337207646
Base temperature,27,48.0,2074,10.0,0.7485647356099873
Base temperature,27,49.0,2075,10.0,0.7410473733518739
Base temperature,27,50.0,2076,10.0,0.7335613888959109
Base temperature,27,51.0,2077,10.0,0.7261069200960407
Base temperature,27,52.0,2078,10.0,0.7186841041229465
Base temperature,27,53.0,2079,10.0,0.7112930774325156
Base temperature,27,54.0,2080,10.0,0.7039339757525009
Base temperature,27,55.0,2081,10.0,0.6966069340768838
Base temperature,27,56.0,2082,10.0,0.6893120866634899
Base temperature,27,57.0,2083,10.0,0.6820495670329825
Base temperature,27,58.0,2084,10.0,0.6748195079684366
Base temperature,27,59.0,2085,10.0,0.6676220415151597
Base temperature,27,60.0,2086,10.0,0.6604572989806167
Base temperature,27,61.0,2087,10.0,0.6533254109343964
Base temperature,27,62.0,2088,10.0,0.6462265072082003
Base temperature,27,63.0,2089,10.0,0.6391607168958348
Base temperature,27,64.0,2090,10.0,0.6321281683532101
Base temperature,27,65.0,2091,10.0,0.6251289891983388
Base temperature,27,66.0,2092,10.0,0.6181633063113359
Base temperature,27,67.0,2093,10.0,0.6112312458344183
Base temperature,27,68.0,2094,10.0,0.6043329331719041
Base temperature,27,69.0,2095,10.0,0.5974684929902138
Base temperature,27,70.0,2096,10.0,0.5906380492178691
Base temperature,27,71.0,2097,10.0,0.5838417250454945
Base temperature,27,72.0,2098,10.0,0.5770796429258155
Base temperature,27,73.0,2099,10.0,0.5703519245736592
Base temperature,27,74.0,2100,10.0,0.5636586909659552
Base temperature,28,0.0,2026,10.0,1.0
Base temperature,28,1.0,2027,10.0,1.0
Base temperature,28,2.0,2028,10.0,1.0
Base temperature,28,3.0,2029,10.0,1.0
Base temperature,28,4.0,2030,10.0,1.0
Base temperature,28,5.0,2031,10.0,1.0
Base temperature,28,6.0,2032,10.0,1.0
Base temperature,28,7.0,2033,10.0,1.0
Base temperature,28,8.0,2034,10.0,1.0
Base temperature,28,9.0,2035,10.0,1.0
Base temperature,28,10.0,2036,10.0,1.0
Base temperature,28,11.0,2037,10.0,1.0
Base temperature,28,12.0,2038,10.0,1.0
Base temperature,28,13.0,2039,10.0,1.0
Base temperature,28,14.0,2040,10.0,1.0
Base temperature,28,15.0,2041,10.0,1.0
Base temperature,28,16.0,2042,10.0,1.0
Base temperature,28,17.0,2043,10.0,1.0
Base temperature,28,18.0,2044,10.0,1.0
Base temperature,28,19.0,2045,10.0,1.0
Base temperature,28,20.0,2046,10.0,1.0
Base temperature,28,21.0,2047,10.0,1.0
Base temperature,28,22.0,2048,10.0,0.9763827956317616
Base temperature,28,23.0,2049,10.0,0.9555472371587492
Base temperature,28,24.0,2050,10.0,0.9365271016677775
Base temperature,28,25.0,2051,10.0,0.9188545971087273
Base temperature,28,26.0,2052,10.0,0.9023002699489001
Base temperature,28,27.0,2053,10.0,0.8868554254026736
Base temperature,28,28.0,2054,10.0,0.8728736872878466
Base temperature,28,29.0,2055,10.0,0.8609736836869138
Base temperature,28,30.0,2056,10.0,0.8509278428638025
Base temperature,28,31.0,2057,10.0,0.8417449166647745
Base temperature,28,32.0,2058,10.0,0.8328530476974572
Base temperature,28,33.0,2059,10.0,0.8240694098765791
Base temperature,28,34.0,2060,10.0,0.8153432346574445
Base temperature,28,35.0,2061,10.0,0.8066599212165884
Base temperature,28,36.0,2062,10.0,0.7980149405815423
Base temperature,28,37.0,2063,10.0,0.7894068437017235
Base temperature,28,38.0,2064,10.0,0.7808352280938657
Base temperature,28,39.0,2065,10.0,0.772300078247727
Base temperature,28,40.0,2066,10.0,0.7638015296501993
Base temperature,28,41.0,2067,10.0,0.7553397782390758
Base temperature,28,42.0,2068,10.0,0.7469150441234106
Base temperature,28,43.0,2069,10.0,0.7385275566858313
Base temperature,28,44.0,2070,10.0,0.7301775483826423
Base temperature,28,45.0,2071,10.0,0.7218652521449753
Base temperature,28,46.0,2072,10.0,0.7135909002851427
Base temperature,28,47.0,2073,10.0,0.7053547240354155
Base temperature,28,48.0,2074,10.0,0.6971569533532815
Base temperature,28,49.0,2075,10.0,0.6889978168391637
Base temperature,28,50.0,2076,10.0,0.680877541701643
Base temperature,28,51.0,2077,10.0,0.6727963537427615
Base temperature,28,52.0,2078,10.0,0.6647544773518094
Base temperature,28,53.0,2079,10.0,0.6567521355027001
Base temperature,28,54.0,2080,10.0,0.6487895497528609
Base temperature,28,55.0,2081,10.0,0.6408669402427668
Base temperature,28,56.0,2082,10.0,0.6329845256957409
Base temperature,28,57.0,2083,10.0,0.6251425234178725
Base temperature,28,58.0,2084,10.0,0.6173411492979816
Base temperature,28,59.0,2085,10.0,0.6095806178076045
Base temperature,28,60.0,2086,10.0,0.6018611420009872
Base temperature,28,61.0,2087,10.0,0.594182933515083
Base temperature,28,62.0,2088,10.0,0.5865462025695514
Base temperature,28,63.0,2089,10.0,0.5789511579667574
Base temperature,28,64.0,2090,10.0,0.5713980070917722
Base temperature,28,65.0,2091,10.0,0.5638869559123719
Base temperature,28,66.0,2092,10.0,0.5564182089790382
Base temperature,28,67.0,2093,10.0,0.548991969424958
Base temperature,28,68.0,2094,10.0,0.5416084389660241
Base temperature,28,69.0,2095,10.0,0.534267817900834
Base temperature,28,70.0,2096,10.0,0.5269703051106914
Base temperature,28,71.0,2097,10.0,0.5197160980596051
Base temperature,28,72.0,2098,10.0,0.5125053927942887
Base temperature,28,73.0,2099,10.0,0.5053383839441622
Base temperature,28,74.0,2100,10.0,0.4982152647213506
Base temperature,29,0.0,2026,10.0,1.0
Base temperature,29,1.0,2027,10.0,1.0
Base temperature,29,2.0,2028,10.0,1.0
Base temperature,29,3.0,2029,10.0,1.0
Base temperature,29,4.0,2030,10.0,1.0
Base temperature,29,5.0,2031,10.0,1.0
Base temperature,29,6.0,2032,10.0,1.0
Base temperature,29,7.0,2033,10.0,1.0
Base temperature,29,8.0,2034,10.0,1.0
Base temperature,29,9.0,2035,10.0,1.0
Base temperature,29,10.0,2036,10.0,1.0
Base temperature,29,11.0,2037,10.0,1.0
Base temperature,29,12.0,2038,10.0,1.0
Base temperature,29,13.0,2039,10.0,1.0
Base temperature,29,14.0,2040,10.0,1.0
Base temperature,29,15.0,2041,10.0,1.0
Base temperature,29,16.0,2042,10.0,1.0
Base temperature,29,17.0,2043,10.0,1.0
Base temperature,29,18.0,2044,10.0,1.0
Base temperature,29,19.0,2045,10.0,1.0
Base temperature,29,20.0,2046,10.0,1.0
Base temperature,29,21.0,2047,10.0,1.0
Base temperature,29,22.0,2048,10.0,1.0
Base temperature,29,23.0,2049,10.0,1.0
Base temperature,29,24.0,2050,10.0,1.0
Base temperature,29,25.0,2051,10.0,1.0
Base temperature,29,26.0,2052,10.0,1.0
Base temperature,29,27.0,2053,10.0,1.0
Base temperature,29,28.0,2054,10.0,1.0
Base temperature,29,29.0,2055,10.0,1.0
Base temperature,29,30.0,2056,10.0,1.0
Base temperature,29,31.0,2057,10.0,1.0
Base temperature,29,32.0,2058,10.0,1.0
Base temperature,29,33.0,2059,10.0,1.0
Base temperature,29,34.0,2060,10.0,1.0
Base temperature,29,35.0,2061,10.0,1.0
Base temperature,29,36.0,2062,10.0,1.0
Base temperature,29,37.0,2063,10.0,1.0
Base temperature,29,38.0,2064,10.0,1.0
Base temperature,29,39.0,2065,10.0,1.0
Base temperature,29,40.0,2066,10.0,1.0
Base temperature,29,41.0,2067,10.0,1.0
Base temperature,29,42.0,2068,10.0,1.0
Base temperature,29,43.0,2069,10.0,1.0
Base temperature,29,44.0,2070,10.0,1.0
Base temperature,29,45.0,2071,10.0,1.0
Base temperature,29,46.0,2072,10.0,1.0
Base temperature,29,47.0,2073,10.0,1.0
Base temperature,29,48.0,2074,10.0,1.0
Base temperature,29,49.0,2075,10.0,1.0
Base temperature,29,50.0,2076,10.0,1.0
Base temperature,29,51.0,2077,10.0,1.0
Base temperature,29,52.0,2078,10.0,1.0
Base temperature,29,53.0,2079,10.0,1.0
Base temperature,29,54.0,2080,10.0,1.0
Base temperature,29,55.0,2081,10.0,1.0
Base temperature,29,56.0,2082,10.0,1.0
Base temperature,29,57.0,2083,10.0,1.0
Base temperature,29,58.0,2084,10.0,1.0
Base temperature,29,59.0,2085,10.0,1.0
Base temperature,29,60.0,2086,10.0,1.0
Base temperature,29,61.0,2087,10.0,1.0
Base temperature,29,62.0,2088,10.0,1.0
Base temperature,29,63.0,2089,10.0,1.0
Base temperature,29,64.0,2090,10.0,1.0
Base temperature,29,65.0,2091,10.0,0.9697687867591639
Base temperature,29,66.0,2092,10.0,0.9431092832733686
Base temperature,29,67.0,2093,10.0,0.9187868618640193
Base temperature,29,68.0,2094,10.0,0.8962040273768671
Base temperature,29,69.0,2095,10.0,0.8750677001626447
Base temperature,29,70.0,2096,10.0,0.8553661956606234
Base temperature,29,71.0,2097,10.0,0.837548494494462
Base temperature,29,72.0,2098,10.0,0.8223982949047136
Base temperature,29,73.0,2099,10.0,0.8096201467620343
Base temperature,29,74.0,2100,10.0,0.7979495036545663
Base temperature,30,0.0,2026,10.0,1.0
Base temperature,30,1.0,2027,10.0,1.0
Base temperature,30,2.0,2028,10.0,1.0
Base temperature,30,3.0,2029,10.0,1.0
Base temperature,30,4.0,2030,10.0,1.0
Base temperature,30,5.0,2031,10.0,1.0
Base temperature,30,6.0,2032,10.0,1.0
Base temperature,30,7.0,2033,10.0,1.0
Base temperature,30,8.0,2034,10.0,1.0
Base temperature,30,9.0,2035,10.0,1.0
Base temperature,30,10.0,2036,10.0,1.0
Base temperature,30,11.0,2037,10.0,1.0
Base temperature,30,12.0,2038,10.0,1.0
Base temperature,30,13.0,2039,10.0,1.0
Base temperature,30,14.0,2040,10.0,1.0
Base temperature,30,15.0,2041,10.0,1.0
Base temperature,30,16.0,2042,10.0,1.0
Base temperature,30,17.0,2043,10.0,1.0
Base temperature,30,18.0,2044,10.0,1.0
Base temperature,30,19.0,2045,10.0,1.0
Base temperature,30,20.0,2046,10.0,1.0
Base temperature,30,21.0,2047,10.0,1.0
Base temperature,30,22.0,2048,10.0,1.0
Base temperature,30,23.0,2049,10.0,1.0
Base temperature,30,24.0,2050,10.0,1.0
Base temperature,30,25.0,2051,10.0,1.0
Base temperature,30,26.0,2052,10.0,1.0
Base temperature,30,27.0,2053,10.0,1.0
Base temperature,30,28.0,2054,10.0,1.0
Base temperature,30,29.0,2055,10.0,1.0
Base temperature,30,30.0,2056,10.0,1.0
Base temperature,30,31.0,2057,10.0,1.0
Base temperature,30,32.0,2058,10.0,1.0
Base temperature,30,33.0,2059,10.0,1.0
Base temperature,30,34.0,2060,10.0,1.0
Base temperature,30,35.0,2061,10.0,1.0
Base temperature,30,36.0,2062,10.0,1.0
Base temperature,30,37.0,2063,10.0,1.0
Base temperature,30,38.0,2064,10.0,1.0
Base temperature,30,39.0,2065,10.0,1.0
Base temperature,30,40.0,2066,10.0,1.0
Base temperature,30,41.0,2067,10.0,0.9764421236312002
Base temperature,30,42.0,2068,10.0,0.9556645601347802
Base temperature,30,43.0,2069,10.0,0.9367018433492305
Base temperature,30,44.0,2070,10.0,0.9190864002082795
Base temperature,30,45.0,2071,10.0,0.9025886696161768
Base temperature,30,46.0,2072,10.0,0.887199292275745
Base temperature,30,47.0,2073,10.0,0.873269922064739
Base temperature,30,48.0,2074,10.0,0.8614160601268842
Base temperature,30,49.0,2075,10.0,0.8514102691426271
Base temperature,30,50.0,2076,10.0,0.842264812884237
Base temperature,30,51.0,2077,10.0,0.8334099936287128
Base temperature,30,52.0,2078,10.0,0.8246636812894736
Base temperature,30,53.0,2079,10.0,0.8159752883310489
Base temperature,30,54.0,2080,10.0,0.807330250950345
Base temperature,30,55.0,2081,10.0,0.7987240365328746
Base temperature,30,56.0,2082,10.0,0.7901551798641008
Base temperature,30,57.0,2083,10.0,0.7816232580702456
Base temperature,30,58.0,2084,10.0,0.7731282337509368
Base temperature,30,59.0,2085,10.0,0.7646702199931629
Base temperature,30,60.0,2086,10.0,0.756249390210939
Base temperature,30,61.0,2087,10.0,0.747865942022879
Base temperature,30,62.0,2088,10.0,0.7395200824201716
Base temperature,30,63.0,2089,10.0,0.7312120215944631
Base temperature,30,64.0,2090,10.0,0.7229419703508441
Base temperature,30,65.0,2091,10.0,0.7147101390192632
Base temperature,30,66.0,2092,10.0,0.7065167369954735
Base temperature,30,67.0,2093,10.0,0.6983619725472141
Base temperature,30,68.0,2094,10.0,0.690246052732329
Base temperature,30,69.0,2095,10.0,0.6821691833641608
Base temperature,30,70.0,2096,10.0,0.6741315689969243
Base temperature,30,71.0,2097,10.0,0.6661334129195265
Base temperature,30,72.0,2098,10.0,0.6581749171529548
Base temperature,30,73.0,2099,10.0,0.6502562824491729
Base temperature,30,74.0,2100,10.0,0.6423777082906565
Base temperature,31,0.0,2026,10.0,1.0
Base temperature,31,1.0,2027,10.0,1.0
Base temperature,31,2.0,2028,10.0,1.0
Base temperature,31,3.0,2029,10.0,1.0
Base temperature,31,4.0,2030,10.0,1.0
Base temperature,31,5.0,2031,10.0,1.0
Base temperature,31,6.0,2032,10.0,1.0
Base temperature,31,7.0,2033,10.0,1.0
Base temperature,31,8.0,2034,10.0,1.0
Base temperature,31,9.0,2035,10.0,1.0
Base temperature,31,10.0,2036,10.0,1.0
Base temperature,31,11.0,2037,10.0,1.0
Base temperature,31,12.0,2038,10.0,1.0
Base temperature,31,13.0,2039,10.0,1.0
Base temperature,31,14.0,2040,10.0,1.0
Base temperature,31,15.0,2041,10.0,1.0
Base temperature,31,16.0,2042,10.0,1.0
Base temperature,31,17.0,2043,10.0,0.9760303743361619
Base temperature,31,18.0,2044,10.0,0.954900344764834
Base temperature,31,19.0,2045,10.0,0.9356246844732692
Base temperature,31,20.0,2046,10.0,0.9177259993486412
Base temperature,31,21.0,2047,10.0,0.9009695221756266
Base temperature,31,22.0,2048,10.0,0.8853444729374919
Base temperature,31,23.0,2049,10.0,0.8712065302856071
Base temperature,31,24.0,2050,10.0,0.8591787258042415
Base temperature,31,25.0,2051,10.0,0.8490286559400928
Base temperature,31,26.0,2052,10.0,0.8397533671821658
Base temperature,31,27.0,2053,10.0,0.8307747010218997
Base temperature,31,28.0,2054,10.0,0.8219078580050109
Base temperature,31,29.0,2055,10.0,0.8131015050464453
Base temperature,31,30.0,2056,10.0,0.804340852617023
Base temperature,31,31.0,2057,10.0,0.7956212856248779
Base temperature,31,32.0,2058,10.0,0.7869412998055607
Base temperature,31,33.0,2059,10.0,0.7783004478984134
Base temperature,31,34.0,2060,10.0,0.7696986735345336
Base temperature,31,35.0,2061,10.0,0.7611360729779817
Base temperature,31,36.0,2062,10.0,0.7526128037247148
Base temperature,31,37.0,2063,10.0,0.7441290478896075
Base temperature,31,38.0,2064,10.0,0.7356849971758296
Base temperature,31,39.0,2065,10.0,0.727280846621295
Base temperature,31,40.0,2066,10.0,0.7189167919780283
Base temperature,31,41.0,2067,10.0,0.7105930286096475
Base temperature,31,42.0,2068,10.0,0.7023097510265283
Base temperature,31,43.0,2069,10.0,0.6940671526895852
Base temperature,31,44.0,2070,10.0,0.6858654259273891
Base temperature,31,45.0,2071,10.0,0.6777047619011468
Base temperature,31,46.0,2072,10.0,0.6695853505899038
Base temperature,31,47.0,2073,10.0,0.6615073807842891
Base temperature,31,48.0,2074,10.0,0.6534710400838761
Base temperature,31,49.0,2075,10.0,0.6454765148960667
Base temperature,31,50.0,2076,10.0,0.6375239904356201
Base temperature,31,51.0,2077,10.0,0.6296136507244551
Base temperature,31,52.0,2078,10.0,0.6217456785915646
Base temperature,31,53.0,2079,10.0,0.6139202556729828
Base temperature,31,54.0,2080,10.0,0.606137562411769
Base temperature,31,55.0,2081,10.0,0.598397778058002
Base temperature,31,56.0,2082,10.0,0.5907010806687762
Base temperature,31,57.0,2083,10.0,0.5830476471082026
Base temperature,31,58.0,2084,10.0,0.5754376530474066
Base temperature,31,59.0,2085,10.0,0.5678712729645278
Base temperature,31,60.0,2086,10.0,0.5603486801447224
Base temperature,31,61.0,2087,10.0,0.5528700466801589
Base temperature,31,62.0,2088,10.0,0.5454355434700222
Base temperature,31,63.0,2089,10.0,0.5380453402205112
Base temperature,31,64.0,2090,10.0,0.53069960544484
Base temperature,31,65.0,2091,10.0,0.5233985064632366
Base temperature,31,66.0,2092,10.0,0.5161422094029439
Base temperature,31,67.0,2093,10.0,0.5089308791982199
Base temperature,31,68.0,2094,10.0,0.501764679590337
Base temperature,31,69.0,2095,10.0,0.4946437731275821
Base temperature,31,70.0,2096,10.0,0.48756832116525717
Base temperature,31,71.0,2097,10.0,0.4805384838656784
Base temperature,31,72.0,2098,10.0,0.473554420198177
Base temperature,31,73.0,2099,10.0,0.4666162879390987
Base temperature,31,74.0,2100,10.0,0.4597242436718038
Base temperature,32,0.0,2026,10.0,1.0
Base temperature,32,1.0,2027,10.0,1.0
Base temperature,32,2.0,2028,10.0,1.0
Base temperature,32,3.0,2029,10.0,1.0
Base temperature,32,4.0,2030,10.0,1.0
Base temperature,32,5.0,2031,10.0,1.0
Base temperature,32,6.0,2032,10.0,1.0
Base temperature,32,7.0,2033,10.0,1.0
Base temperature,32,8.0,2034,10.0,1.0
Base temperature,32,9.0,2035,10.0,1.0
Base temperature,32,10.0,2036,10.0,1.0
Base temperature,32,11.0,2037,10.0,1.0
Base temperature,32,12.0,2038,10.0,1.0
Base temperature,32,13.0,2039,10.0,1.0
Base temperature,32,14.0,2040,10.0,1.0
Base temperature,32,15.0,2041,10.0,1.0
Base temperature,32,16.0,2042,10.0,1.0
Base temperature,32,17.0,2043,10.0,1.0
Base temperature,32,18.0,2044,10.0,1.0
Base temperature,32,19.0,2045,10.0,1.0
Base temperature,32,20.0,2046,10.0,1.0
Base temperature,32,21.0,2047,10.0,1.0
Base temperature,32,22.0,2048,10.0,1.0
Base temperature,32,23.0,2049,10.0,1.0
Base temperature,32,24.0,2050,10.0,1.0
Base temperature,32,25.0,2051,10.0,1.0
Base temperature,32,26.0,2052,10.0,1.0
Base temperature,32,27.0,2053,10.0,1.0
Base temperature,32,28.0,2054,10.0,1.0
Base temperature,32,29.0,2055,10.0,1.0
Base temperature,32,30.0,2056,10.0,1.0
Base temperature,32,31.0,2057,10.0,0.9711200026187135
Base temperature,32,32.0,2058,10.0,0.9456997216267337
Base temperature,32,33.0,2059,10.0,0.9225441934386078
Base temperature,32,34.0,2060,10.0,0.9010737392088436
Base temperature,32,35.0,2061,10.0,0.8810021037464767
Base temperature,32,36.0,2062,10.0,0.862312142786902
Base temperature,32,37.0,2063,10.0,0.8454240735943224
Base temperature,32,38.0,2064,10.0,0.8310746561480954
Base temperature,32,39.0,2065,10.0,0.8189788246015336
Base temperature,32,40.0,2066,10.0,0.8079365594159029
Base temperature,32,41.0,2067,10.0,0.7972578131820471
Base temperature,32,42.0,2068,10.0,0.7867223764862613
Base temperature,32,43.0,2069,10.0,0.7762692369552184
Base temperature,32,44.0,2070,10.0,0.7658809323289244
Base temperature,32,45.0,2071,10.0,0.7555521161117376
Base temperature,32,46.0,2072,10.0,0.7452811428327092
Base temperature,32,47.0,2073,10.0,0.7350676227861068
Base temperature,32,48.0,2074,10.0,0.7249116294324173
Base temperature,32,49.0,2075,10.0,0.7148134160882977
Base temperature,32,50.0,2076,10.0,0.7047733073282025
Base temperature,32,51.0,2077,10.0,0.6947916555208656
Base temperature,32,52.0,2078,10.0,0.6848688230032925
Base temperature,32,53.0,2079,10.0,0.6750051746716054
Base temperature,32,54.0,2080,10.0,0.6652010748793724
Base temperature,32,55.0,2081,10.0,0.6554568861341156
Base temperature,32,56.0,2082,10.0,0.6457729685483465
Base temperature,32,57.0,2083,10.0,0.6361496796080989
Base temperature,32,58.0,2084,10.0,0.6265873740752697
Base temperature,32,59.0,2085,10.0,0.617086403946405
Base temperature,32,60.0,2086,10.0,0.6076471184353052
Base temperature,32,61.0,2087,10.0,0.5982698639656833
Base temperature,32,62.0,2088,10.0,0.5889549841680692
Base temperature,32,63.0,2089,10.0,0.5797028198785026
Base temperature,32,64.0,2090,10.0,0.5705137091379838
Base temperature,32,65.0,2091,10.0,0.5613879871922409
Base temperature,32,66.0,2092,10.0,0.5523259864916326
Base temperature,32,67.0,2093,10.0,0.5433280366911065
Base temperature,32,68.0,2094,10.0,0.534394464650183
Base temperature,32,69.0,2095,10.0,0.5255255944329476
Base temperature,32,70.0,2096,10.0,0.5167217473080481
Base temperature,32,71.0,2097,10.0,0.5079832417486921
Base temperature,32,72.0,2098,10.0,0.4993103934326481
Base temperature,32,73.0,2099,10.0,0.49070351524224465
Base temperature,32,74.0,2100,10.0,0.4821629172643697
Base temperature,33,0.0,2026,10.0,1.0
Base temperature,33,1.0,2027,10.0,1.0
Base temperature,33,2.0,2028,10.0,1.0
Base temperature,33,3.0,2029,10.0,1.0
Base temperature,33,4.0,2030,10.0,1.0
Base temperature,33,5.0,2031,10.0,1.0
Base temperature,33,6.0,2032,10.0,1.0
Base temperature,33,7.0,2033,10.0,1.0
Base temperature,33,8.0,2034,10.0,1.0
Base temperature,33,9.0,2035,10.0,1.0
Base temperature,33,10.0,2036,10.0,1.0
Base temperature,33,11.0,2037,10.0,1.0
Base temperature,33,12.0,2038,10.0,1.0
Base temperature,33,13.0,2039,10.0,1.0
Base temperature,33,14.0,2040,10.0,1.0
Base temperature,33,15.0,2041,10.0,1.0
Base temperature,33,16.0,2042,10.0,1.0
Base temperature,33,17.0,2043,10.0,1.0
Base temperature,33,18.0,2044,10.0,1.0
Base temperature,33,19.0,2045,10.0,1.0
Base temperature,33,20.0,2046,10.0,1.0
Base temperature,33,21.0,2047,10.0,1.0
Base temperature,33,22.0,2048,10.0,1.0
Base temperature,33,23.0,2049,10.0,1.0
Base temperature,33,24.0,2050,10.0,1.0
Base temperature,33,25.0,2051,10.0,1.0
Base temperature,33,26.0,2052,10.0,1.0
Base temperature,33,27.0,2053,10.0,1.0
Base temperature,33,28.0,2054,10.0,1.0
Base temperature,33,29.0,2055,10.0,1.0
Base temperature,33,30.0,2056,10.0,1.0
Base temperature,33,31.0,2057,10.0,1.0
Base temperature,33,32.0,2058,10.0,1.0
Base temperature,33,33.0,2059,10.0,1.0
Base temperature,33,34.0,2060,10.0,1.0
Base temperature,33,35.0,2061,10.0,1.0
Base temperature,33,36.0,2062,10.0,1.0
Base temperature,33,37.0,2063,10.0,1.0
Base temperature,33,38.0,2064,10.0,1.0
Base temperature,33,39.0,2065,10.0,1.0
Base temperature,33,40.0,2066,10.0,1.0
Base temperature,33,41.0,2067,10.0,1.0
Base temperature,33,42.0,2068,10.0,1.0
Base temperature,33,43.0,2069,10.0,1.0
Base temperature,33,44.0,2070,10.0,1.0
Base temperature,33,45.0,2071,10.0,1.0
Base temperature,33,46.0,2072,10.0,1.0
Base temperature,33,47.0,2073,10.0,1.0
Base temperature,33,48.0,2074,10.0,1.0
Base temperature,33,49.0,2075,10.0,1.0
Base temperature,33,50.0,2076,10.0,0.9760732384538101
Base temperature,33,51.0,2077,10.0,0.9549587888690844
Base temperature,33,52.0,2078,10.0,0.9356796168679025
Base temperature,33,53.0,2079,10.0,0.9177628611543424
Base temperature,33,54.0,2080,10.0,0.9009768129525273
Base temperature,33,55.0,2081,10.0,0.8853133875521298
Base temperature,33,56.0,2082,10.0,0.8711319117656579
Base temperature,33,57.0,2083,10.0,0.8590606012649367
Base temperature,33,58.0,2084,10.0,0.84886926380569
Base temperature,33,59.0,2085,10.0,0.8395526716255073
Base temperature,33,60.0,2086,10.0,0.8305307983997007
Base temperature,33,61.0,2087,10.0,0.8216182136911946
Base temperature,33,62.0,2088,10.0,0.8127634482061276
Base temperature,33,63.0,2089,10.0,0.8039517239845745
Base temperature,33,64.0,2090,10.0,0.7951784810809425
Base temperature,33,65.0,2091,10.0,0.786442284143696
Base temperature,33,66.0,2092,10.0,0.7777427594582131
Base temperature,33,67.0,2093,10.0,0.7690799257219437
Base temperature,33,68.0,2094,10.0,0.7604539546123416
Base temperature,33,69.0,2095,10.0,0.7518650789100342
Base temperature,33,70.0,2096,10.0,0.7433135556842184
Base temperature,33,71.0,2097,10.0,0.7347996511745661
Base temperature,33,72.0,2098,10.0,0.7263236344993017
Base temperature,33,73.0,2099,10.0,0.7178857750176662
Base temperature,33,74.0,2100,10.0,0.7094863412199431
Base temperature,34,0.0,2026,10.0,1.0
Base temperature,34,1.0,2027,10.0,1.0
Base temperature,34,2.0,2028,10.0,1.0
Base temperature,34,3.0,2029,10.0,1.0
Base temperature,34,4.0,2030,10.0,1.0
Base temperature,34,5.0,2031,10.0,1.0
Base temperature,34,6.0,2032,10.0,1.0
Base temperature,34,7.0,2033,10.0,1.0
Base temperature,34,8.0,2034,10.0,1.0
Base temperature,34,9.0,2035,10.0,1.0
Base temperature,34,10.0,2036,10.0,1.0
Base temperature,34,11.0,2037,10.0,1.0
Base temperature,34,12.0,2038,10.0,1.0
Base temperature,34,13.0,2039,10.0,1.0
Base temperature,34,14.0,2040,10.0,1.0
Base temperature,34,15.0,2041,10.0,1.0
Base temperature,34,16.0,2042,10.0,1.0
Base temperature,34,17.0,2043,10.0,1.0
Base temperature,34,18.0,2044,10.0,1.0
Base temperature,34,19.0,2045,10.0,1.0
Base temperature,34,20.0,2046,10.0,1.0
Base temperature,34,21.0,2047,10.0,1.0
Base temperature,34,22.0,2048,10.0,1.0
Base temperature,34,23.0,2049,10.0,1.0
Base temperature,34,24.0,2050,10.0,1.0
Base temperature,34,25.0,2051,10.0,1.0
Base temperature,34,26.0,2052,10.0,1.0
Base temperature,34,27.0,2053,10.0,1.0
Base temperature,34,28.0,2054,10.0,1.0
Base temperature,34,29.0,2055,10.0,1.0
Base temperature,34,30.0,2056,10.0,1.0
Base temperature,34,31.0,2057,10.0,1.0
Base temperature,34,32.0,2058,10.0,1.0
Base temperature,34,33.0,2059,10.0,1.0
Base temperature,34,34.0,2060,10.0,1.0
Base temperature,34,35.0,2061,10.0,1.0
Base temperature,34,36.0,2062,10.0,1.0
Base temperature,34,37.0,2063,10.0,1.0
Base temperature,34,38.0,2064,10.0,1.0
Base temperature,34,39.0,2065,10.0,1.0
Base temperature,34,40.0,2066,10.0,1.0
Base temperature,34,41.0,2067,10.0,1.0
Base temperature,34,42.0,2068,10.0,1.0
Base temperature,34,43.0,2069,10.0,1.0
Base temperature,34,44.0,2070,10.0,1.0
Base temperature,34,45.0,2071,10.0,1.0
Base temperature,34,46.0,2072,10.0,1.0
Base temperature,34,47.0,2073,10.0,1.0
Base temperature,34,48.0,2074,10.0,1.0
Base temperature,34,49.0,2075,10.0,1.0
Base temperature,34,50.0,2076,10.0,1.0
Base temperature,34,51.0,2077,10.0,1.0
Base temperature,34,52.0,2078,10.0,1.0
Base temperature,34,53.0,2079,10.0,1.0
Base temperature,34,54.0,2080,10.0,1.0
Base temperature,34,55.0,2081,10.0,1.0
Base temperature,34,56.0,2082,10.0,1.0
Base temperature,34,57.0,2083,10.0,1.0
Base temperature,34,58.0,2084,10.0,1.0
Base temperature,34,59.0,2085,10.0,1.0
Base temperature,34,60.0,2086,10.0,1.0
Base temperature,34,61.0,2087,10.0,1.0
Base temperature,34,62.0,2088,10.0,1.0
Base temperature,34,63.0,2089,10.0,1.0
Base temperature,34,64.0,2090,10.0,1.0
Base temperature,34,65.0,2091,10.0,1.0
Base temperature,34,66.0,2092,10.0,1.0
Base temperature,34,67.0,2093,10.0,1.0
Base temperature,34,68.0,2094,10.0,1.0
Base temperature,34,69.0,2095,10.0,1.0
Base temperature,34,70.0,2096,10.0,1.0
Base temperature,34,71.0,2097,10.0,1.0
Base temperature,34,72.0,2098,10.0,1.0
Base temperature,34,73.0,2099,10.0,1.0
Base temperature,34,74.0,2100,10.0,1.0
Base temperature,35,0.0,2026,10.0,1.0
Base temperature,35,1.0,2027,10.0,1.0
Base temperature,35,2.0,2028,10.0,1.0
Base temperature,35,3.0,2029,10.0,1.0
Base temperature,35,4.0,2030,10.0,1.0
Base temperature,35,5.0,2031,10.0,1.0
Base temperature,35,6.0,2032,10.0,1.0
Base temperature,35,7.0,2033,10.0,1.0
Base temperature,35,8.0,2034,10.0,1.0
Base temperature,35,9.0,2035,10.0,1.0
Base temperature,35,10.0,2036,10.0,1.0
Base temperature,35,11.0,2037,10.0,1.0
Base temperature,35,12.0,2038,10.0,1.0
Base temperature,35,13.0,2039,10.0,1.0
Base temperature,35,14.0,2040,10.0,1.0
Base temperature,35,15.0,2041,10.0,1.0
Base temperature,35,16.0,2042,10.0,1.0
Base temperature,35,17.0,2043,10.0,1.0
Base temperature,35,18.0,2044,10.0,1.0
Base temperature,35,19.0,2045,10.0,1.0
Base temperature,35,20.0,2046,10.0,0.9779069153134936
Base temperature,35,21.0,2047,10.0,0.9584102004489459
Base temperature,35,22.0,2048,10.0,0.9406069328311446
Base temperature,35,23.0,2049,10.0,0.9240600413385731
Base temperature,35,24.0,2050,10.0,0.9085553009436079
Base temperature,35,25.0,2051,10.0,0.8940851653304033
Base temperature,35,26.0,2052,10.0,0.8809817548669562
Base temperature,35,27.0,2053,10.0,0.8698260878368893
Base temperature,35,28.0,2054,10.0,0.8604061835074563
Base temperature,35,29.0,2055,10.0,0.8517934004144271
Base temperature,35,30.0,2056,10.0,0.8434516865723083
Base temperature,35,31.0,2057,10.0,0.8352095875492608
Base temperature,35,32.0,2058,10.0,0.8270194517272323
Base temperature,35,33.0,2059,10.0,0.8188675414652751
Base temperature,35,34.0,2060,10.0,0.8107495651350863
Base temperature,35,35.0,2061,10.0,0.802664120322158
Base temperature,35,36.0,2062,10.0,0.7946107867546536
Base temperature,35,37.0,2063,10.0,0.786589507588542
Base temperature,35,38.0,2064,10.0,0.7786003680214607
Base temperature,35,39.0,2065,10.0,0.770643510328871
Base temperature,35,40.0,2066,10.0,0.7627190998139716
Base temperature,35,41.0,2067,10.0,0.7548273108223451
Base temperature,35,42.0,2068,10.0,0.7469683209203271
Base temperature,35,43.0,2069,10.0,0.7391423084540973
Base temperature,35,44.0,2070,10.0,0.7313494515222274
Base temperature,35,45.0,2071,10.0,0.723589927542258
Base temperature,35,46.0,2072,10.0,0.715863913067641
Base temperature,35,47.0,2073,10.0,0.7081715837103723
Base temperature,35,48.0,2074,10.0,0.7005131141082859
Base temperature,35,49.0,2075,10.0,0.6928886779112233
Base temperature,35,50.0,2076,10.0,0.6852984477751874
Base temperature,35,51.0,2077,10.0,0.6777425953598721
Base temperature,35,52.0,2078,10.0,0.6702212913276165
Base temperature,35,53.0,2079,10.0,0.6627347053429657
Base temperature,35,54.0,2080,10.0,0.6552830060724838
Base temperature,35,55.0,2081,10.0,0.6478663611846759
Base temperature,35,56.0,2082,10.0,0.640484937349955
Base temperature,35,57.0,2083,10.0,0.6331389002406276
Base temperature,35,58.0,2084,10.0,0.6258284145308881
Base temperature,35,59.0,2085,10.0,0.6185536438968169
Base temperature,35,60.0,2086,10.0,0.611314751016379
Base temperature,35,61.0,2087,10.0,0.6041118975694229
Base temperature,35,62.0,2088,10.0,0.5969452442376816
Base temperature,35,63.0,2089,10.0,0.5898149507047713
Base temperature,35,64.0,2090,10.0,0.5827211756561929
Base temperature,35,65.0,2091,10.0,0.5756640767793302
Base temperature,35,66.0,2092,10.0,0.5686438107634516
Base temperature,35,67.0,2093,10.0,0.561660533299709
Base temperature,35,68.0,2094,10.0,0.5547143990811376
Base temperature,35,69.0,2095,10.0,0.5478055618026572
Base temperature,35,70.0,2096,10.0,0.5409341741610705
Base temperature,35,71.0,2097,10.0,0.5341003878550646
Base temperature,35,72.0,2098,10.0,0.5273043535852111
Base temperature,35,73.0,2099,10.0,0.5205462210539633
Base temperature,35,74.0,2100,10.0,0.5138261389656605
Base temperature,36,0.0,2026,10.0,1.0
Base temperature,36,1.0,2027,10.0,1.0
Base temperature,36,2.0,2028,10.0,1.0
Base temperature,36,3.0,2029,10.0,1.0
Base temperature,36,4.0,2030,10.0,1.0
Base temperature,36,5.0,2031,10.0,1.0
Base temperature,36,6.0,2032,10.0,1.0
Base temperature,36,7.0,2033,10.0,1.0
Base temperature,36,8.0,2034,10.0,1.0
Base temperature,36,9.0,2035,10.0,1.0
Base temperature,36,10.0,2036,10.0,1.0
Base temperature,36,11.0,2037,10.0,1.0
Base temperature,36,12.0,2038,10.0,1.0
Base temperature,36,13.0,2039,10.0,1.0
Base temperature,36,14.0,2040,10.0,1.0
Base temperature,36,15.0,2041,10.0,1.0
Base temperature,36,16.0,2042,10.0,1.0
Base temperature,36,17.0,2043,10.0,1.0
Base temperature,36,18.0,2044,10.0,1.0
Base temperature,36,19.0,2045,10.0,1.0
Base temperature,36,20.0,2046,10.0,1.0
Base temperature,36,21.0,2047,10.0,1.0
Base temperature,36,22.0,2048,10.0,1.0
Base temperature,36,23.0,2049,10.0,0.9779525757808117
Base temperature,36,24.0,2050,10.0,0.9585021500898535
Base temperature,36,25.0,2051,10.0,0.9407459255702515
Base temperature,36,26.0,2052,10.0,0.9242467381643474
Base temperature,36,27.0,2053,10.0,0.9087900912339737
Base temperature,36,28.0,2054,10.0,0.894367730655132
Base temperature,36,29.0,2055,10.0,0.8813099350791234
Base temperature,36,30.0,2056,10.0,0.8701948264671487
Base temperature,36,31.0,2057,10.0,0.860810380600115
Base temperature,36,32.0,2058,10.0,0.8522309711763026
Base temperature,36,33.0,2059,10.0,0.843922434842855
Base temperature,36,34.0,2060,10.0,0.83571392967157
Base temperature,36,35.0,2061,10.0,0.8275579632261384
Base temperature,36,36.0,2062,10.0,0.8194408295916586
Base temperature,36,37.0,2063,10.0,0.8113582327164546
Base temperature,36,38.0,2064,10.0,0.8033087545850207
Base temperature,36,39.0,2065,10.0,0.7952919555336866
Base temperature,36,40.0,2066,10.0,0.7873077579721877
Base temperature,36,41.0,2067,10.0,0.7793562258851854
Base temperature,36,42.0,2068,10.0,0.7714374802158774
Base temperature,36,43.0,2069,10.0,0.7635516649580751
Base temperature,36,44.0,2070,10.0,0.7556989332304768
Base temperature,36,45.0,2071,10.0,0.7478794414803801
Base temperature,36,46.0,2072,10.0,0.7400933470536137
Base temperature,36,47.0,2073,10.0,0.7323408071717388
Base temperature,36,48.0,2074,10.0,0.7246219785006267
Base temperature,36,49.0,2075,10.0,0.7169370169682621
Base temperature,36,50.0,2076,10.0,0.7092860776877452
Base temperature,36,51.0,2077,10.0,0.7016693149247457
Base temperature,36,52.0,2078,10.0,0.6940868820837393
Base temperature,36,53.0,2079,10.0,0.6865389317021922
Base temperature,36,54.0,2080,10.0,0.6790256154481019
Base temperature,36,55.0,2081,10.0,0.6715470841189585
Base temperature,36,56.0,2082,10.0,0.6641034876413067
Base temperature,36,57.0,2083,10.0,0.6566949750705602
Base temperature,36,58.0,2084,10.0,0.6493216945909235
Base temperature,36,59.0,2085,10.0,0.641983793515359
Base temperature,36,60.0,2086,10.0,0.6346814182855742
Base temperature,36,61.0,2087,10.0,0.6274147144720149
Base temperature,36,62.0,2088,10.0,0.6201838267738632
Base temperature,36,63.0,2089,10.0,0.6129888990190356
Base temperature,36,64.0,2090,10.0,0.605830074164184
Base temperature,36,65.0,2091,10.0,0.598707494294694
Base temperature,36,66.0,2092,10.0,0.5916213006246868
Base temperature,36,67.0,2093,10.0,0.5845716334970168
Base temperature,36,68.0,2094,10.0,0.5775586323832732
Base temperature,36,69.0,2095,10.0,0.5705824358837799
Base temperature,36,70.0,2096,10.0,0.5636431817275946
Base temperature,36,71.0,2097,10.0,0.5567410067725098
Base temperature,36,72.0,2098,10.0,0.5498760470050519
Base temperature,36,73.0,2099,10.0,0.5430484375404823
Base temperature,36,74.0,2100,10.0,0.5362583126227959
Base temperature,37,0.0,2026,10.0,1.0
Base temperature,37,1.0,2027,10.0,1.0
Base temperature,37,2.0,2028,10.0,1.0
Base temperature,37,3.0,2029,10.0,1.0
Base temperature,37,4.0,2030,10.0,1.0
Base temperature,37,5.0,2031,10.0,1.0
Base temperature,37,6.0,2032,10.0,1.0
Base temperature,37,7.0,2033,10.0,1.0
Base temperature,37,8.0,2034,10.0,1.0
Base temperature,37,9.0,2035,10.0,1.0
Base temperature,37,10.0,2036,10.0,1.0
Base temperature,37,11.0,2037,10.0,1.0
Base temperature,37,12.0,2038,10.0,1.0
Base temperature,37,13.0,2039,10.0,1.0
Base temperature,37,14.0,2040,10.0,1.0
Base temperature,37,15.0,2041,10.0,1.0
Base temperature,37,16.0,2042,10.0,1.0
Base temperature,37,17.0,2043,10.0,1.0
Base temperature,37,18.0,2044,10.0,1.0
Base temperature,37,19.0,2045,10.0,1.0
Base temperature,37,20.0,2046,10.0,1.0
Base temperature,37,21.0,2047,10.0,1.0
Base temperature,37,22.0,2048,10.0,1.0
Base temperature,37,23.0,2049,10.0,1.0
Base temperature,37,24.0,2050,10.0,1.0
Base temperature,37,25.0,2051,10.0,1.0
Base temperature,37,26.0,2052,10.0,1.0
Base temperature,37,27.0,2053,10.0,1.0
Base temperature,37,28.0,2054,10.0,1.0
Base temperature,37,29.0,2055,10.0,1.0
Base temperature,37,30.0,2056,10.0,1.0
Base temperature,37,31.0,2057,10.0,0.9653302415642682
Base temperature,37,32.0,2058,10.0,0.934874796524825
Base temperature,37,33.0,2059,10.0,0.9071865261641558
Base temperature,37,34.0,2060,10.0,0.8815623702066931
Base temperature,37,35.0,2061,10.0,0.8576532605460341
Base temperature,37,36.0,2062,10.0,0.8354319919731847
Base temperature,37,37.0,2063,10.0,0.8153898095549486
Base temperature,37,38.0,2064,10.0,0.7983891504280126
Base temperature,37,39.0,2065,10.0,0.7840798190150137
Base temperature,37,40.0,2066,10.0,0.7710345267182016
Base temperature,37,41.0,2067,10.0,0.7584352546829028
Base temperature,37,42.0,2068,10.0,0.7460215103048116
Base temperature,37,43.0,2069,10.0,0.7337213615341481
Base temperature,37,44.0,2070,10.0,0.7215143972859837
Base temperature,37,45.0,2071,10.0,0.7093945243326749
Base temperature,37,46.0,2072,10.0,0.6973600174197875
Base temperature,37,47.0,2073,10.0,0.685410630169984
Base temperature,37,48.0,2074,10.0,0.6735466593643921
Base temperature,37,49.0,2075,10.0,0.6617686107804656
Base temperature,37,50.0,2076,10.0,0.6500770712370934
Base temperature,37,51.0,2077,10.0,0.638472657445211
Base temperature,37,52.0,2078,10.0,0.626955995056587
Base temperature,37,53.0,2079,10.0,0.6155277099675663
Base temperature,37,54.0,2080,10.0,0.6041884246837478
Base temperature,37,55.0,2081,10.0,0.5929387567944571
Base temperature,37,56.0,2082,10.0,0.5817793183312453
Base temperature,37,57.0,2083,10.0,0.5707107154978202
Base temperature,37,58.0,2084,10.0,0.5597335485562853
Base temperature,37,59.0,2085,10.0,0.5488484117792052
Base temperature,37,60.0,2086,10.0,0.5380558934294104
Base temperature,37,61.0,2087,10.0,0.5273565757514882
Base temperature,37,62.0,2088,10.0,0.5167510349681997
Base temperature,37,63.0,2089,10.0,0.5062398412789723
Base temperature,37,64.0,2090,10.0,0.4958235588592637
Base temperature,37,65.0,2091,10.0,0.4855027458602962
Base temperature,37,66.0,2092,10.0,0.4752779544089436
Base temperature,37,67.0,2093,10.0,0.46514973060768566
Base temperature,37,68.0,2094,10.0,0.4551186145345875
Base temperature,37,69.0,2095,10.0,0.4451851402432913
Base temperature,37,70.0,2096,10.0,0.4353498357630126
Base temperature,37,71.0,2097,10.0,0.42561322309853983
Base temperature,37,72.0,2098,10.0,0.415975818230233
Base temperature,37,73.0,2099,10.0,0.4064381311140236
Base temperature,37,74.0,2100,10.0,0.39700066568141446
Base temperature,38,0.0,2026,10.0,1.0
Base temperature,38,1.0,2027,10.0,1.0
Base temperature,38,2.0,2028,10.0,1.0
Base temperature,38,3.0,2029,10.0,1.0
Base temperature,38,4.0,2030,10.0,1.0
Base temperature,38,5.0,2031,10.0,1.0
Base temperature,38,6.0,2032,10.0,1.0
Base temperature,38,7.0,2033,10.0,1.0
Base temperature,38,8.0,2034,10.0,1.0
Base temperature,38,9.0,2035,10.0,1.0
Base temperature,38,10.0,2036,10.0,1.0
Base temperature,38,11.0,2037,10.0,1.0
Base temperature,38,12.0,2038,10.0,1.0
Base temperature,38,13.0,2039,10.0,1.0
Base temperature,38,14.0,2040,10.0,1.0
Base temperature,38,15.0,2041,10.0,1.0
Base temperature,38,16.0,2042,10.0,1.0
Base temperature,38,17.0,2043,10.0,1.0
Base temperature,38,18.0,2044,10.0,1.0
Base temperature,38,19.0,2045,10.0,1.0
Base temperature,38,20.0,2046,10.0,1.0
Base temperature,38,21.0,2047,10.0,1.0
Base temperature,38,22.0,2048,10.0,1.0
Base temperature,38,23.0,2049,10.0,1.0
Base temperature,38,24.0,2050,10.0,1.0
Base temperature,38,25.0,2051,10.0,1.0
Base temperature,38,26.0,2052,10.0,1.0
Base temperature,38,27.0,2053,10.0,1.0
Base temperature,38,28.0,2054,10.0,1.0
Base temperature,38,29.0,2055,10.0,1.0
Base temperature,38,30.0,2056,10.0,1.0
Base temperature,38,31.0,2057,10.0,1.0
Base temperature,38,32.0,2058,10.0,1.0
Base temperature,38,33.0,2059,10.0,1.0
Base temperature,38,34.0,2060,10.0,1.0
Base temperature,38,35.0,2061,10.0,1.0
Base temperature,38,36.0,2062,10.0,1.0
Base temperature,38,37.0,2063,10.0,1.0
Base temperature,38,38.0,2064,10.0,1.0
Base temperature,38,39.0,2065,10.0,1.0
Base temperature,38,40.0,2066,10.0,1.0
Base temperature,38,41.0,2067,10.0,1.0
Base temperature,38,42.0,2068,10.0,1.0
Base temperature,38,43.0,2069,10.0,1.0
Base temperature,38,44.0,2070,10.0,1.0
Base temperature,38,45.0,2071,10.0,1.0
Base temperature,38,46.0,2072,10.0,1.0
Base temperature,38,47.0,2073,10.0,1.0
Base temperature,38,48.0,2074,10.0,1.0
Base temperature,38,49.0,2075,10.0,1.0
Base temperature,38,50.0,2076,10.0,1.0
Base temperature,38,51.0,2077,10.0,1.0
Base temperature,38,52.0,2078,10.0,1.0
Base temperature,38,53.0,2079,10.0,1.0
Base temperature,38,54.0,2080,10.0,1.0
Base temperature,38,55.0,2081,10.0,1.0
Base temperature,38,56.0,2082,10.0,0.9747687075832153
Base temperature,38,57.0,2083,10.0,0.952535034213073
Base temperature,38,58.0,2084,10.0,0.932260105252707
Base temperature,38,59.0,2085,10.0,0.9134403828892832
Base temperature,38,60.0,2086,10.0,0.8958279769378358
Base temperature,38,61.0,2087,10.0,0.8794106105305517
Base temperature,38,62.0,2088,10.0,0.8645608371691209
Base temperature,38,63.0,2089,10.0,0.8519314098359763
Base temperature,38,64.0,2090,10.0,0.8412765827177092
Base temperature,38,65.0,2091,10.0,0.8315424704072978
Base temperature,38,66.0,2092,10.0,0.822121929570521
Base temperature,38,67.0,2093,10.0,0.8128209727463608
Base temperature,38,68.0,2094,10.0,0.8035857479341445
Base temperature,38,69.0,2095,10.0,0.7944007642730069
Base temperature,38,70.0,2096,10.0,0.7852612093506459
Base temperature,38,71.0,2097,10.0,0.7761655349745905
Base temperature,38,72.0,2098,10.0,0.7671133017136545
Base temperature,38,73.0,2099,10.0,0.7581044799251442
Base temperature,38,74.0,2100,10.0,0.7491391997841593
Base temperature,39,0.0,2026,10.0,1.0
Base temperature,39,1.0,2027,10.0,1.0
Base temperature,39,2.0,2028,10.0,1.0
Base temperature,39,3.0,2029,10.0,1.0
Base temperature,39,4.0,2030,10.0,1.0
Base temperature,39,5.0,2031,10.0,1.0
Base temperature,39,6.0,2032,10.0,1.0
Base temperature,39,7.0,2033,10.0,1.0
Base temperature,39,8.0,2034,10.0,1.0
Base temperature,39,9.0,2035,10.0,1.0
Base temperature,39,10.0,2036,10.0,1.0
Base temperature,39,11.0,2037,10.0,1.0
Base temperature,39,12.0,2038,10.0,1.0
Base temperature,39,13.0,2039,10.0,1.0
Base temperature,39,14.0,2040,10.0,1.0
Base temperature,39,15.0,2041,10.0,1.0
Base temperature,39,16.0,2042,10.0,1.0
Base temperature,39,17.0,2043,10.0,0.9786511590331344
Base temperature,39,18.0,2044,10.0,0.9597828065348093
Base temperature,39,19.0,2045,10.0,0.9425302640577363
Base temperature,39,20.0,2046,10.0,0.9264756580187802
Base temperature,39,21.0,2047,10.0,0.9114152107817066
Base temperature,39,22.0,2048,10.0,0.8973449960771968
Base temperature,39,23.0,2049,10.0,0.8845915433929543
Base temperature,39,24.0,2050,10.0,0.8737247346456607
Base temperature,39,25.0,2051,10.0,0.8645422711277155
Base temperature,39,26.0,2052,10.0,0.8561414185318293
Base temperature,39,27.0,2053,10.0,0.8480002779535941
Base temperature,39,28.0,2054,10.0,0.8399518424046392
Base temperature,39,29.0,2055,10.0,0.8319497185886752
Base temperature,39,30.0,2056,10.0,0.8239805713593581
Base temperature,39,31.0,2057,10.0,0.8160402769513406
Base temperature,39,32.0,2058,10.0,0.8081275299345345
Base temperature,39,33.0,2059,10.0,0.800241983103721
Base temperature,39,34.0,2060,10.0,0.7923836437826571
Base temperature,39,35.0,2061,10.0,0.7845526577251619
Base temperature,39,36.0,2062,10.0,0.7767492261428016
Base temperature,39,37.0,2063,10.0,0.7689735724365605
Base temperature,39,38.0,2064,10.0,0.7612259285255393
Base temperature,39,39.0,2065,10.0,0.7535065291530557
Base temperature,39,40.0,2066,10.0,0.7458156094980264
Base temperature,39,41.0,2067,10.0,0.7381534041689891
Base temperature,39,42.0,2068,10.0,0.7305201467795168
Base temperature,39,43.0,2069,10.0,0.7229160697687949
Base temperature,39,44.0,2070,10.0,0.7153414043257531
Base temperature,39,45.0,2071,10.0,0.7077963803569743
Base temperature,39,46.0,2072,10.0,0.700281226473118
Base temperature,39,47.0,2073,10.0,0.6927961699831793
Base temperature,39,48.0,2074,10.0,0.6853414368920592
Base temperature,39,49.0,2075,10.0,0.6779172518995393
Base temperature,39,50.0,2076,10.0,0.6705238383998476
Base temperature,39,51.0,2077,10.0,0.6631614184814748
Base temperature,39,52.0,2078,10.0,0.6558302129270985
Base temperature,39,53.0,2079,10.0,0.6485304412135492
Base temperature,39,54.0,2080,10.0,0.6412623215117972
Base temperature,39,55.0,2081,10.0,0.6340260706869467
Base temperature,39,56.0,2082,10.0,0.6268219042982337
Base temperature,39,57.0,2083,10.0,0.6196500365990253
Base temperature,39,58.0,2084,10.0,0.6125106805368175
Base temperature,39,59.0,2085,10.0,0.6054040477532369
Base temperature,39,60.0,2086,10.0,0.5983303485840407
Base temperature,39,61.0,2087,10.0,0.5912897920591144
Base temperature,39,62.0,2088,10.0,0.5842825859024747
Base temperature,39,63.0,2089,10.0,0.5773089365322678
Base temperature,39,64.0,2090,10.0,0.570369049060769
Base temperature,39,65.0,2091,10.0,0.5634631272943845
Base temperature,39,66.0,2092,10.0,0.5565913737336495
Base temperature,39,67.0,2093,10.0,0.5497539895732299
Base temperature,39,68.0,2094,10.0,0.5429511747019207
Base temperature,39,69.0,2095,10.0,0.5361831277026464
Base temperature,39,70.0,2096,10.0,0.5294500458524627
Base temperature,39,71.0,2097,10.0,0.5227521251225541
Base temperature,39,72.0,2098,10.0,0.5160895601782348
Base temperature,39,73.0,2099,10.0,0.5094625443789494
Base temperature,39,74.0,2100,10.0,0.5028712697782725
SSP5 delta_T=4 C,0,0.0,2026,10.0,1.0
SSP5 delta_T=4 C,0,1.0,2027,10.05,1.0
SSP5 delta_T=4 C,0,2.0,2028,10.1,1.0
SSP5 delta_T=4 C,0,3.0,2029,10.15,1.0
SSP5 delta_T=4 C,0,4.0,2030,10.2,1.0
SSP5 delta_T=4 C,0,5.0,2031,10.25,1.0
SSP5 delta_T=4 C,0,6.0,2032,10.3,1.0
SSP5 delta_T=4 C,0,7.0,2033,10.35,1.0
SSP5 delta_T=4 C,0,8.0,2034,10.4,1.0
SSP5 delta_T=4 C,0,9.0,2035,10.45,1.0
SSP5 delta_T=4 C,0,10.0,2036,10.5,1.0
SSP5 delta_T=4 C,0,11.0,2037,10.55,1.0
SSP5 delta_T=4 C,0,12.0,2038,10.6,1.0
SSP5 delta_T=4 C,0,13.0,2039,10.65,1.0
SSP5 delta_T=4 C,0,14.0,2040,10.7,1.0
SSP5 delta_T=4 C,0,15.0,2041,10.75,1.0
SSP5 delta_T=4 C,0,16.0,2042,10.8,1.0
SSP5 delta_T=4 C,0,17.0,2043,10.85,1.0
SSP5 delta_T=4 C,0,18.0,2044,10.9,1.0
SSP5 delta_T=4 C,0,19.0,2045,10.95,1.0
SSP5 delta_T=4 C,0,20.0,2046,11.0,1.0
SSP5 delta_T=4 C,0,21.0,2047,11.05,1.0
SSP5 delta_T=4 C,0,22.0,2048,11.1,1.0
SSP5 delta_T=4 C,0,23.0,2049,11.15,1.0
SSP5 delta_T=4 C,0,24.0,2050,11.2,1.0
SSP5 delta_T=4 C,0,25.0,2051,11.25,1.0
SSP5 delta_T=4 C,0,26.0,2052,11.3,1.0
SSP5 delta_T=4 C,0,27.0,2053,11.35,1.0
SSP5 delta_T=4 C,0,28.0,2054,11.4,1.0
SSP5 delta_T=4 C,0,29.0,2055,11.45,1.0
SSP5 delta_T=4 C,0,30.0,2056,11.5,1.0
SSP5 delta_T=4 C,0,31.0,2057,11.55,1.0
SSP5 delta_T=4 C,0,32.0,2058,11.6,1.0
SSP5 delta_T=4 C,0,33.0,2059,11.65,0.976283066725246
SSP5 delta_T=4 C,0,34.0,2060,11.7,0.955346247381246
SSP5 delta_T=4 C,0,35.0,2061,11.75,0.9362231525533975
SSP5 delta_T=4 C,0,36.0,2062,11.8,0.918446254675971
SSP5 delta_T=4 C,0,37.0,2063,11.85,0.9017867339386547
SSP5 delta_T=4 C,0,38.0,2064,11.9,0.8862374690195367
SSP5 delta_T=4 C,0,39.0,2065,11.95,0.8721561192420078
SSP5 delta_T=4 C,0,40.0,2066,12.0,0.8601676268945092
SSP5 delta_T=4 C,0,41.0,2067,12.05,0.8500444915724693
SSP5 delta_T=4 C,0,42.0,2068,12.1,0.840788876013187
SSP5 delta_T=4 C,0,43.0,2069,12.15,0.8318248055861555
SSP5 delta_T=4 C,0,44.0,2070,12.2,0.8229681239917863
SSP5 delta_T=4 C,0,45.0,2071,12.25,0.8141677213869455
SSP5 delta_T=4 C,0,46.0,2072,12.3,0.8054089334511406
SSP5 delta_T=4 C,0,47.0,2073,12.35,0.7966872464124689
SSP5 delta_T=4 C,0,48.0,2074,12.4,0.7880012506944404
SSP5 delta_T=4 C,0,49.0,2075,12.45,0.7793505914699759
SSP5 delta_T=4 C,0,50.0,2076,12.5,0.7707353037620738
SSP5 delta_T=4 C,0,51.0,2077,12.55,0.7621555745362449
SSP5 delta_T=4 C,0,52.0,2078,12.6,0.753611651398686
SSP5 delta_T=4 C,0,53.0,2079,12.65,0.7451038060077255
SSP5 delta_T=4 C,0,54.0,2080,12.7,0.7366323190466851
SSP5 delta_T=4 C,0,55.0,2081,12.75,0.7281974739690192
SSP5 delta_T=4 C,0,56.0,2082,12.8,0.7197995543759724
SSP5 delta_T=4 C,0,57.0,2083,12.85,0.7114388429128622
SSP5 delta_T=4 C,0,58.0,2084,12.9,0.70311562080353
SSP5 delta_T=4 C,0,59.0,2085,12.95,0.6948301676537423
SSP5 delta_T=4 C,0,60.0,2086,13.0,0.6865827613681105
SSP5 delta_T=4 C,0,61.0,2087,13.05,0.6783736781149716
SSP5 delta_T=4 C,0,62.0,2088,13.1,0.6702031923115435
SSP5 delta_T=4 C,0,63.0,2089,13.15,0.662071576617649
SSP5 delta_T=4 C,0,64.0,2090,13.2,0.6539791019330642
SSP5 delta_T=4 C,0,65.0,2091,13.25,0.6459260373963979
SSP5 delta_T=4 C,0,66.0,2092,13.3,0.6379126503846192
SSP5 delta_T=4 C,0,67.0,2093,13.35,0.6299392065128573
SSP5 delta_T=4 C,0,68.0,2094,13.4,0.6220059696343179
SSP5 delta_T=4 C,0,69.0,2095,13.45,0.6141132018402475
SSP5 delta_T=4 C,0,70.0,2096,13.5,0.6062611634599189
SSP5 delta_T=4 C,0,71.0,2097,13.55,0.5984501130606239
SSP5 delta_T=4 C,0,72.0,2098,13.6,0.5906803074476719
SSP5 delta_T=4 C,0,73.0,2099,13.65,0.5829520016643882
SSP5 delta_T=4 C,0,74.0,2100,13.7,0.5752654489921134
SSP5 delta_T=4 C,1,0.0,2026,10.0,1.0
SSP5 delta_T=4 C,1,1.0,2027,10.05,1.0
SSP5 delta_T=4 C,1,2.0,2028,10.1,1.0
SSP5 delta_T=4 C,1,3.0,2029,10.15,1.0
SSP5 delta_T=4 C,1,4.0,2030,10.2,1.0
SSP5 delta_T=4 C,1,5.0,2031,10.25,1.0
SSP5 delta_T=4 C,1,6.0,2032,10.3,1.0
SSP5 delta_T=4 C,1,7.0,2033,10.35,1.0
SSP5 delta_T=4 C,1,8.0,2034,10.4,1.0
SSP5 delta_T=4 C,1,9.0,2035,10.45,1.0
SSP5 delta_T=4 C,1,10.0,2036,10.5,1.0
SSP5 delta_T=4 C,1,11.0,2037,10.55,1.0
SSP5 delta_T=4 C,1,12.0,2038,10.6,1.0
SSP5 delta_T=4 C,1,13.0,2039,10.65,1.0
SSP5 delta_T=4 C,1,14.0,2040,10.7,1.0
SSP5 delta_T=4 C,1,15.0,2041,10.75,1.0
SSP5 delta_T=4 C,1,16.0,2042,10.8,1.0
SSP5 delta_T=4 C,1,17.0,2043,10.85,1.0
SSP5 delta_T=4 C,1,18.0,2044,10.9,1.0
SSP5 delta_T=4 C,1,19.0,2045,10.95,1.0
SSP5 delta_T=4 C,1,20.0,2046,11.0,1.0
SSP5 delta_T=4 C,1,21.0,2047,11.05,1.0
SSP5 delta_T=4 C,1,22.0,2048,11.1,1.0
SSP5 delta_T=4 C,1,23.0,2049,11.15,1.0
SSP5 delta_T=4 C,1,24.0,2050,11.2,1.0
SSP5 delta_T=4 C,1,25.0,2051,11.25,1.0
SSP5 delta_T=4 C,1,26.0,2052,11.3,1.0
SSP5 delta_T=4 C,1,27.0,2053,11.35,1.0
SSP5 delta_T=4 C,1,28.0,2054,11.4,1.0
SSP5 delta_T=4 C,1,29.0,2055,11.45,1.0
SSP5 delta_T=4 C,1,30.0,2056,11.5,1.0
SSP5 delta_T=4 C,1,31.0,2057,11.55,1.0
SSP5 delta_T=4 C,1,32.0,2058,11.6,1.0
SSP5 delta_T=4 C,1,33.0,2059,11.65,1.0
SSP5 delta_T=4 C,1,34.0,2060,11.7,1.0
SSP5 delta_T=4 C,1,35.0,2061,11.75,1.0
SSP5 delta_T=4 C,1,36.0,2062,11.8,1.0
SSP5 delta_T=4 C,1,37.0,2063,11.85,1.0
SSP5 delta_T=4 C,1,38.0,2064,11.9,1.0
SSP5 delta_T=4 C,1,39.0,2065,11.95,1.0
SSP5 delta_T=4 C,1,40.0,2066,12.0,1.0
SSP5 delta_T=4 C,1,41.0,2067,12.05,1.0
SSP5 delta_T=4 C,1,42.0,2068,12.1,1.0
SSP5 delta_T=4 C,1,43.0,2069,12.15,1.0
SSP5 delta_T=4 C,1,44.0,2070,12.2,1.0
SSP5 delta_T=4 C,1,45.0,2071,12.25,1.0
SSP5 delta_T=4 C,1,46.0,2072,12.3,1.0
SSP5 delta_T=4 C,1,47.0,2073,12.35,1.0
SSP5 delta_T=4 C,1,48.0,2074,12.4,1.0
SSP5 delta_T=4 C,1,49.0,2075,12.45,1.0
SSP5 delta_T=4 C,1,50.0,2076,12.5,1.0
SSP5 delta_T=4 C,1,51.0,2077,12.55,1.0
SSP5 delta_T=4 C,1,52.0,2078,12.6,1.0
SSP5 delta_T=4 C,1,53.0,2079,12.65,0.9675272116650566
SSP5 delta_T=4 C,1,54.0,2080,12.7,0.9389867552943368
SSP5 delta_T=4 C,1,55.0,2081,12.75,0.9130255542304803
SSP5 delta_T=4 C,1,56.0,2082,12.8,0.8889864336958767
SSP5 delta_T=4 C,1,57.0,2083,12.85,0.8665435136620592
SSP5 delta_T=4 C,1,58.0,2084,12.9,0.8456728320299604
SSP5 delta_T=4 C,1,59.0,2085,12.95,0.8268379479645849
SSP5 delta_T=4 C,1,60.0,2086,13.0,0.8108527144961608
SSP5 delta_T=4 C,1,61.0,2087,13.05,0.7973915162998036
SSP5 delta_T=4 C,1,62.0,2088,13.1,0.7851139489750373
SSP5 delta_T=4 C,1,63.0,2089,13.15,0.7732509518893459
SSP5 delta_T=4 C,1,64.0,2090,13.2,0.7615574205413211
SSP5 delta_T=4 C,1,65.0,2091,13.25,0.7499655635332313
SSP5 delta_T=4 C,1,66.0,2092,13.3,0.7384560566447728
SSP5 delta_T=4 C,1,67.0,2093,13.35,0.727023050008201
SSP5 delta_T=4 C,1,68.0,2094,13.4,0.7156648065498382
SSP5 delta_T=4 C,1,69.0,2095,13.45,0.7043809830217207
SSP5 delta_T=4 C,1,70.0,2096,13.5,0.693171749152255
SSP5 delta_T=4 C,1,71.0,2097,13.55,0.6820374729831451
SSP5 delta_T=4 C,1,72.0,2098,13.6,0.670978600337815
SSP5 delta_T=4 C,1,73.0,2099,13.65,0.6599956066199181
SSP5 delta_T=4 C,1,74.0,2100,13.7,0.6490889770608649
SSP5 delta_T=4 C,2,0.0,2026,10.0,1.0
SSP5 delta_T=4 C,2,1.0,2027,10.05,1.0
SSP5 delta_T=4 C,2,2.0,2028,10.1,1.0
SSP5 delta_T=4 C,2,3.0,2029,10.15,1.0
SSP5 delta_T=4 C,2,4.0,2030,10.2,1.0
SSP5 delta_T=4 C,2,5.0,2031,10.25,1.0
SSP5 delta_T=4 C,2,6.0,2032,10.3,1.0
SSP5 delta_T=4 C,2,7.0,2033,10.35,1.0
SSP5 delta_T=4 C,2,8.0,2034,10.4,1.0
SSP5 delta_T=4 C,2,9.0,2035,10.45,1.0
SSP5 delta_T=4 C,2,10.0,2036,10.5,1.0
SSP5 delta_T=4 C,2,11.0,2037,10.55,1.0
SSP5 delta_T=4 C,2,12.0,2038,10.6,1.0
SSP5 delta_T=4 C,2,13.0,2039,10.65,1.0
SSP5 delta_T=4 C,2,14.0,2040,10.7,1.0
SSP5 delta_T=4 C,2,15.0,2041,10.75,1.0
SSP5 delta_T=4 C,2,16.0,2042,10.8,1.0
SSP5 delta_T=4 C,2,17.0,2043,10.85,1.0
SSP5 delta_T=4 C,2,18.0,2044,10.9,1.0
SSP5 delta_T=4 C,2,19.0,2045,10.95,1.0
SSP5 delta_T=4 C,2,20.0,2046,11.0,1.0
SSP5 delta_T=4 C,2,21.0,2047,11.05,1.0
SSP5 delta_T=4 C,2,22.0,2048,11.1,1.0
SSP5 delta_T=4 C,2,23.0,2049,11.15,1.0
SSP5 delta_T=4 C,2,24.0,2050,11.2,1.0
SSP5 delta_T=4 C,2,25.0,2051,11.25,1.0
SSP5 delta_T=4 C,2,26.0,2052,11.3,1.0
SSP5 delta_T=4 C,2,27.0,2053,11.35,1.0
SSP5 delta_T=4 C,2,28.0,2054,11.4,1.0
SSP5 delta_T=4 C,2,29.0,2055,11.45,1.0
SSP5 delta_T=4 C,2,30.0,2056,11.5,1.0
SSP5 delta_T=4 C,2,31.0,2057,11.55,1.0
SSP5 delta_T=4 C,2,32.0,2058,11.6,1.0
SSP5 delta_T=4 C,2,33.0,2059,11.65,1.0
SSP5 delta_T=4 C,2,34.0,2060,11.7,0.9627145227966705
SSP5 delta_T=4 C,2,35.0,2061,11.75,0.9300035234480661
SSP5 delta_T=4 C,2,36.0,2062,11.8,0.9003008074793286
SSP5 delta_T=4 C,2,37.0,2063,11.85,0.8728446424052194
SSP5 delta_T=4 C,2,38.0,2064,11.9,0.8472554545681864
SSP5 delta_T=4 C,2,39.0,2065,11.95,0.8234992361902904
SSP5 delta_T=4 C,2,40.0,2066,12.0,0.8020954785811367
SSP5 delta_T=4 C,2,41.0,2067,12.05,0.7839575208577105
SSP5 delta_T=4 C,2,42.0,2068,12.1,0.7687039178512596
SSP5 delta_T=4 C,2,43.0,2069,12.15,0.754808418522944
SSP5 delta_T=4 C,2,44.0,2070,12.2,0.7413979144220537
SSP5 delta_T=4 C,2,45.0,2071,12.25,0.7281946539618811
SSP5 delta_T=4 C,2,46.0,2072,12.3,0.7151220288883485
SSP5 delta_T=4 C,2,47.0,2073,12.35,0.7021583528268074
SSP5 delta_T=4 C,2,48.0,2074,12.4,0.6892971934798903
SSP5 delta_T=4 C,2,49.0,2075,12.45,0.6765367690824362
SSP5 delta_T=4 C,2,50.0,2076,12.5,0.6638768708742729
SSP5 delta_T=4 C,2,51.0,2077,12.55,0.6513178668013573
SSP5 delta_T=4 C,2,52.0,2078,12.6,0.6388603459023565
SSP5 delta_T=4 C,2,53.0,2079,12.65,0.62650498222083
SSP5 delta_T=4 C,2,54.0,2080,12.7,0.6142524804408499
SSP5 delta_T=4 C,2,55.0,2081,12.75,0.6021035536347921
SSP5 delta_T=4 C,2,56.0,2082,12.8,0.590058914034001
SSP5 delta_T=4 C,2,57.0,2083,12.85,0.5781192691736124
SSP5 delta_T=4 C,2,58.0,2084,12.9,0.5662853202760685
SSP5 delta_T=4 C,2,59.0,2085,12.95,0.5545577615719168
SSP5 delta_T=4 C,2,60.0,2086,13.0,0.542937280014114
SSP5 delta_T=4 C,2,61.0,2087,13.05,0.5314245551577834
SSP5 delta_T=4 C,2,62.0,2088,13.1,0.5200202591095957
SSP5 delta_T=4 C,2,63.0,2089,13.15,0.5087250565064595
SSP5 delta_T=4 C,2,64.0,2090,13.2,0.497539604506553
SSP5 delta_T=4 C,2,65.0,2091,13.25,0.4864645527855496
SSP5 delta_T=4 C,2,66.0,2092,13.3,0.47550054353503196
SSP5 delta_T=4 C,2,67.0,2093,13.35,0.46464821146182383
SSP5 delta_T=4 C,2,68.0,2094,13.4,0.4539081837877111
SSP5 delta_T=4 C,2,69.0,2095,13.45,0.4432810802493231
SSP5 delta_T=4 C,2,70.0,2096,13.5,0.43276751309808476
SSP5 delta_T=4 C,2,71.0,2097,13.55,0.42236808710019397
SSP5 delta_T=4 C,2,72.0,2098,13.6,0.41208339953661505
SSP5 delta_T=4 C,2,73.0,2099,13.65,0.4019140402030741
SSP5 delta_T=4 C,2,74.0,2100,13.7,0.39186059141005736
SSP5 delta_T=4 C,3,0.0,2026,10.0,1.0
SSP5 delta_T=4 C,3,1.0,2027,10.05,1.0
SSP5 delta_T=4 C,3,2.0,2028,10.1,1.0
SSP5 delta_T=4 C,3,3.0,2029,10.15,1.0
SSP5 delta_T=4 C,3,4.0,2030,10.2,1.0
SSP5 delta_T=4 C,3,5.0,2031,10.25,1.0
SSP5 delta_T=4 C,3,6.0,2032,10.3,1.0
SSP5 delta_T=4 C,3,7.0,2033,10.35,1.0
SSP5 delta_T=4 C,3,8.0,2034,10.4,1.0
SSP5 delta_T=4 C,3,9.0,2035,10.45,1.0
SSP5 delta_T=4 C,3,10.0,2036,10.5,1.0
SSP5 delta_T=4 C,3,11.0,2037,10.55,1.0
SSP5 delta_T=4 C,3,12.0,2038,10.6,1.0
SSP5 delta_T=4 C,3,13.0,2039,10.65,1.0
SSP5 delta_T=4 C,3,14.0,2040,10.7,1.0
SSP5 delta_T=4 C,3,15.0,2041,10.75,1.0
SSP5 delta_T=4 C,3,16.0,2042,10.8,1.0
SSP5 delta_T=4 C,3,17.0,2043,10.85,1.0
SSP5 delta_T=4 C,3,18.0,2044,10.9,1.0
SSP5 delta_T=4 C,3,19.0,2045,10.95,1.0
SSP5 delta_T=4 C,3,20.0,2046,11.0,1.0
SSP5 delta_T=4 C,3,21.0,2047,11.05,1.0
SSP5 delta_T=4 C,3,22.0,2048,11.1,1.0
SSP5 delta_T=4 C,3,23.0,2049,11.15,1.0
SSP5 delta_T=4 C,3,24.0,2050,11.2,1.0
SSP5 delta_T=4 C,3,25.0,2051,11.25,1.0
SSP5 delta_T=4 C,3,26.0,2052,11.3,1.0
SSP5 delta_T=4 C,3,27.0,2053,11.35,1.0
SSP5 delta_T=4 C,3,28.0,2054,11.4,1.0
SSP5 delta_T=4 C,3,29.0,2055,11.45,1.0
SSP5 delta_T=4 C,3,30.0,2056,11.5,1.0
SSP5 delta_T=4 C,3,31.0,2057,11.55,1.0
SSP5 delta_T=4 C,3,32.0,2058,11.6,1.0
SSP5 delta_T=4 C,3,33.0,2059,11.65,1.0
SSP5 delta_T=4 C,3,34.0,2060,11.7,0.9834487238316666
SSP5 delta_T=4 C,3,35.0,2061,11.75,0.9688023492433623
SSP5 delta_T=4 C,3,36.0,2062,11.8,0.9553941177430896
SSP5 delta_T=4 C,3,37.0,2063,11.85,0.9429021037453932
SSP5 delta_T=4 C,3,38.0,2064,11.9,0.9311698763678887
SSP5 delta_T=4 C,3,39.0,2065,11.95,0.9201963337371708
SSP5 delta_T=4 C,3,40.0,2066,12.0,0.9102385994506264
SSP5 delta_T=4 C,3,41.0,2067,12.05,0.9017451923928537
SSP5 delta_T=4 C,3,42.0,2068,12.1,0.8945617475609331
SSP5 delta_T=4 C,3,43.0,2069,12.15,0.8879843656707228
SSP5 delta_T=4 C,3,44.0,2070,12.2,0.881605264910156
SSP5 delta_T=4 C,3,45.0,2071,12.25,0.875293775536091
SSP5 delta_T=4 C,3,46.0,2072,12.3,0.8690135132295476
SSP5 delta_T=4 C,3,47.0,2073,12.35,0.8627539543633735
SSP5 delta_T=4 C,3,48.0,2074,12.4,0.8565117856977461
SSP5 delta_T=4 C,3,49.0,2075,12.45,0.8502859016719164
SSP5 delta_T=4 C,3,50.0,2076,12.5,0.8440759481346141
SSP5 delta_T=4 C,3,51.0,2077,12.55,0.8378818494874399
SSP5 delta_T=4 C,3,52.0,2078,12.6,0.8317036393281174
SSP5 delta_T=4 C,3,53.0,2079,12.65,0.8255413953835271
SSP5 delta_T=4 C,3,54.0,2080,12.7,0.819395213401976
SSP5 delta_T=4 C,3,55.0,2081,12.75,0.8132651964161933
SSP5 delta_T=4 C,3,56.0,2082,12.8,0.8071514502678878
SSP5 delta_T=4 C,3,57.0,2083,12.85,0.801054081728694
SSP5 delta_T=4 C,3,58.0,2084,12.9,0.794973197708113
SSP5 delta_T=4 C,3,59.0,2085,12.95,0.7889089049189137
SSP5 delta_T=4 C,3,60.0,2086,13.0,0.7828613097356113
SSP5 delta_T=4 C,3,61.0,2087,13.05,0.7768305181345664
SSP5 delta_T=4 C,3,62.0,2088,13.1,0.7708166356686249
SSP5 delta_T=4 C,3,63.0,2089,13.15,0.7648197674563805
SSP5 delta_T=4 C,3,64.0,2090,13.2,0.758840018177626
SSP5 delta_T=4 C,3,65.0,2091,13.25,0.7528774920714294
SSP5 delta_T=4 C,3,66.0,2092,13.3,0.7469322929353198
SSP5 delta_T=4 C,3,67.0,2093,13.35,0.7410045241249426
SSP5 delta_T=4 C,3,68.0,2094,13.4,0.7350942885539126
SSP5 delta_T=4 C,3,69.0,2095,13.45,0.729201688693756
SSP5 delta_T=4 C,3,70.0,2096,13.5,0.7233268265738801
SSP5 delta_T=4 C,3,71.0,2097,13.55,0.7174698037815661
SSP5 delta_T=4 C,3,72.0,2098,13.6,0.7116307214619612
SSP5 delta_T=4 C,3,73.0,2099,13.65,0.70580968031808
SSP5 delta_T=4 C,3,74.0,2100,13.7,0.7000067806108007
SSP5 delta_T=4 C,4,0.0,2026,10.0,1.0
SSP5 delta_T=4 C,4,1.0,2027,10.05,1.0
SSP5 delta_T=4 C,4,2.0,2028,10.1,1.0
SSP5 delta_T=4 C,4,3.0,2029,10.15,1.0
SSP5 delta_T=4 C,4,4.0,2030,10.2,1.0
SSP5 delta_T=4 C,4,5.0,2031,10.25,1.0
SSP5 delta_T=4 C,4,6.0,2032,10.3,1.0
SSP5 delta_T=4 C,4,7.0,2033,10.35,1.0
SSP5 delta_T=4 C,4,8.0,2034,10.4,1.0
SSP5 delta_T=4 C,4,9.0,2035,10.45,1.0
SSP5 delta_T=4 C,4,10.0,2036,10.5,1.0
SSP5 delta_T=4 C,4,11.0,2037,10.55,1.0
SSP5 delta_T=4 C,4,12.0,2038,10.6,1.0
SSP5 delta_T=4 C,4,13.0,2039,10.65,1.0
SSP5 delta_T=4 C,4,14.0,2040,10.7,1.0
SSP5 delta_T=4 C,4,15.0,2041,10.75,1.0
SSP5 delta_T=4 C,4,16.0,2042,10.8,1.0
SSP5 delta_T=4 C,4,17.0,2043,10.85,1.0
SSP5 delta_T=4 C,4,18.0,2044,10.9,1.0
SSP5 delta_T=4 C,4,19.0,2045,10.95,1.0
SSP5 delta_T=4 C,4,20.0,2046,11.0,1.0
SSP5 delta_T=4 C,4,21.0,2047,11.05,1.0
SSP5 delta_T=4 C,4,22.0,2048,11.1,1.0
SSP5 delta_T=4 C,4,23.0,2049,11.15,1.0
SSP5 delta_T=4 C,4,24.0,2050,11.2,1.0
SSP5 delta_T=4 C,4,25.0,2051,11.25,1.0
SSP5 delta_T=4 C,4,26.0,2052,11.3,1.0
SSP5 delta_T=4 C,4,27.0,2053,11.35,1.0
SSP5 delta_T=4 C,4,28.0,2054,11.4,1.0
SSP5 delta_T=4 C,4,29.0,2055,11.45,1.0
SSP5 delta_T=4 C,4,30.0,2056,11.5,1.0
SSP5 delta_T=4 C,4,31.0,2057,11.55,1.0
SSP5 delta_T=4 C,4,32.0,2058,11.6,1.0
SSP5 delta_T=4 C,4,33.0,2059,11.65,1.0
SSP5 delta_T=4 C,4,34.0,2060,11.7,1.0
SSP5 delta_T=4 C,4,35.0,2061,11.75,1.0
SSP5 delta_T=4 C,4,36.0,2062,11.8,1.0
SSP5 delta_T=4 C,4,37.0,2063,11.85,1.0
SSP5 delta_T=4 C,4,38.0,2064,11.9,1.0
SSP5 delta_T=4 C,4,39.0,2065,11.95,1.0
SSP5 delta_T=4 C,4,40.0,2066,12.0,1.0
SSP5 delta_T=4 C,4,41.0,2067,12.05,0.9801086927621409
SSP5 delta_T=4 C,4,42.0,2068,12.1,0.9625558027698554
SSP5 delta_T=4 C,4,43.0,2069,12.15,0.9465273519236749
SSP5 delta_T=4 C,4,44.0,2070,12.2,0.931629221166711
SSP5 delta_T=4 C,4,45.0,2071,12.25,0.9176681431909659
SSP5 delta_T=4 C,4,46.0,2072,12.3,0.9046371057563443
SSP5 delta_T=4 C,4,47.0,2073,12.35,0.8928352045889855
SSP5 delta_T=4 C,4,48.0,2074,12.4,0.8827860860565043
SSP5 delta_T=4 C,4,49.0,2075,12.45,0.8742993221139251
SSP5 delta_T=4 C,4,50.0,2076,12.5,0.8665386214915508
SSP5 delta_T=4 C,4,51.0,2077,12.55,0.8590210711938097
SSP5 delta_T=4 C,4,52.0,2078,12.6,0.8515921389666022
SSP5 delta_T=4 C,4,53.0,2079,12.65,0.8442088172104278
SSP5 delta_T=4 C,4,54.0,2080,12.7,0.8368586527273533
SSP5 delta_T=4 C,4,55.0,2081,12.75,0.8295377037448417
SSP5 delta_T=4 C,4,56.0,2082,12.8,0.8222446324059127
SSP5 delta_T=4 C,4,57.0,2083,12.85,0.8149789864077517
SSP5 delta_T=4 C,4,58.0,2084,12.9,0.8077406414636253
SSP5 delta_T=4 C,4,59.0,2085,12.95,0.8005296017867439
SSP5 delta_T=4 C,4,60.0,2086,13.0,0.793345923510284
SSP5 delta_T=4 C,4,61.0,2087,13.05,0.7861896839927688
SSP5 delta_T=4 C,4,62.0,2088,13.1,0.7790609692088352
SSP5 delta_T=4 C,4,63.0,2089,13.15,0.77195986849949
SSP5 delta_T=4 C,4,64.0,2090,13.2,0.7648864723705557
SSP5 delta_T=4 C,4,65.0,2091,13.25,0.7578408715657795
SSP5 delta_T=4 C,4,66.0,2092,13.3,0.7508231566757416
SSP5 delta_T=4 C,4,67.0,2093,13.35,0.743833417972642
SSP5 delta_T=4 C,4,68.0,2094,13.4,0.7368717453404562
SSP5 delta_T=4 C,4,69.0,2095,13.45,0.7299382282454007
SSP5 delta_T=4 C,4,70.0,2096,13.5,0.7230329557234412
SSP5 delta_T=4 C,4,71.0,2097,13.55,0.7161560163750126
SSP5 delta_T=4 C,4,72.0,2098,13.6,0.7093074983627832
SSP5 delta_T=4 C,4,73.0,2099,13.65,0.7024874894107123
SSP5 delta_T=4 C,4,74.0,2100,13.7,0.695696076803651
SSP5 delta_T=4 C,5,0.0,2026,10.0,1.0
SSP5 delta_T=4 C,5,1.0,2027,10.05,1.0
SSP5 delta_T=4 C,5,2.0,2028,10.1,1.0
SSP5 delta_T=4 C,5,3.0,2029,10.15,1.0
SSP5 delta_T=4 C,5,4.0,2030,10.2,1.0
SSP5 delta_T=4 C,5,5.0,2031,10.25,1.0
SSP5 delta_T=4 C,5,6.0,2032,10.3,1.0
SSP5 delta_T=4 C,5,7.0,2033,10.35,1.0
SSP5 delta_T=4 C,5,8.0,2034,10.4,1.0
SSP5 delta_T=4 C,5,9.0,2035,10.45,1.0
SSP5 delta_T=4 C,5,10.0,2036,10.5,1.0
SSP5 delta_T=4 C,5,11.0,2037,10.55,1.0
SSP5 delta_T=4 C,5,12.0,2038,10.6,1.0
SSP5 delta_T=4 C,5,13.0,2039,10.65,1.0
SSP5 delta_T=4 C,5,14.0,2040,10.7,1.0
SSP5 delta_T=4 C,5,15.0,2041,10.75,1.0
SSP5 delta_T=4 C,5,16.0,2042,10.8,1.0
SSP5 delta_T=4 C,5,17.0,2043,10.85,1.0
SSP5 delta_T=4 C,5,18.0,2044,10.9,1.0
SSP5 delta_T=4 C,5,19.0,2045,10.95,1.0
SSP5 delta_T=4 C,5,20.0,2046,11.0,1.0
SSP5 delta_T=4 C,5,21.0,2047,11.05,1.0
SSP5 delta_T=4 C,5,22.0,2048,11.1,0.978523043124593
SSP5 delta_T=4 C,5,23.0,2049,11.15,0.959576324893314
SSP5 delta_T=4 C,5,24.0,2050,11.2,0.94228004692034
SSP5 delta_T=4 C,5,25.0,2051,11.25,0.9262081471886361
SSP5 delta_T=4 C,5,26.0,2052,11.3,0.9111515413719754
SSP5 delta_T=4 C,5,27.0,2053,11.35,0.8971021012125454
SSP5 delta_T=4 C,5,28.0,2054,11.4,0.8843815415839897
SSP5 delta_T=4 C,5,29.0,2055,11.45,0.8735531216942212
SSP5 delta_T=4 C,5,30.0,2056,11.5,0.8644104103495655
SSP5 delta_T=4 C,5,31.0,2057,11.55,0.8560517118183337
SSP5 delta_T=4 C,5,32.0,2058,11.6,0.8479566287412456
SSP5 delta_T=4 C,5,33.0,2059,11.65,0.8399587008588116
SSP5 delta_T=4 C,5,34.0,2060,11.7,0.8320116363715525
SSP5 delta_T=4 C,5,35.0,2061,11.75,0.8241020596923051
SSP5 delta_T=4 C,5,36.0,2062,11.8,0.816225763021657
SSP5 delta_T=4 C,5,37.0,2063,11.85,0.8083813427178116
SSP5 delta_T=4 C,5,38.0,2064,11.9,0.8005683484939741
SSP5 delta_T=4 C,5,39.0,2065,11.95,0.7927866829855483
SSP5 delta_T=4 C,5,40.0,2066,12.0,0.7850363869158199
SSP5 delta_T=4 C,5,41.0,2067,12.05,0.777317556650696
SSP5 delta_T=4 C,5,42.0,2068,12.1,0.7696303111596228
SSP5 delta_T=4 C,5,43.0,2069,12.15,0.7619747784461309
SSP5 delta_T=4 C,5,44.0,2070,12.2,0.7543510898995803
SSP5 delta_T=4 C,5,45.0,2071,12.25,0.7467593779270403
SSP5 delta_T=4 C,5,46.0,2072,12.3,0.7391997749565126
SSP5 delta_T=4 C,5,47.0,2073,12.35,0.7316724130164576
SSP5 delta_T=4 C,5,48.0,2074,12.4,0.7241774235582155
SSP5 delta_T=4 C,5,49.0,2075,12.45,0.7167149373809522
SSP5 delta_T=4 C,5,50.0,2076,12.5,0.709285084599934
SSP5 delta_T=4 C,5,51.0,2077,12.55,0.7018879946331104
SSP5 delta_T=4 C,5,52.0,2078,12.6,0.6945237961954436
SSP5 delta_T=4 C,5,53.0,2079,12.65,0.6871926172965107
SSP5 delta_T=4 C,5,54.0,2080,12.7,0.6798945852394919
SSP5 delta_T=4 C,5,55.0,2081,12.75,0.6726298266207423
SSP5 delta_T=4 C,5,56.0,2082,12.8,0.6653984673296114
SSP5 delta_T=4 C,5,57.0,2083,12.85,0.658200632548367
SSP5 delta_T=4 C,5,58.0,2084,12.9,0.6510364467521634
SSP5 delta_T=4 C,5,59.0,2085,12.95,0.6439060337090269
SSP5 delta_T=4 C,5,60.0,2086,13.0,0.636809516479852
SSP5 delta_T=4 C,5,61.0,2087,13.05,0.6297470174183964
SSP5 delta_T=4 C,5,62.0,2088,13.1,0.6227186581712832
SSP5 delta_T=4 C,5,63.0,2089,13.15,0.615724559677998
SSP5 delta_T=4 C,5,64.0,2090,13.2,0.6087648421708889
SSP5 delta_T=4 C,5,65.0,2091,13.25,0.6018396251751681
SSP5 delta_T=4 C,5,66.0,2092,13.3,0.5949490275089104
SSP5 delta_T=4 C,5,67.0,2093,13.35,0.5880931672830536
SSP5 delta_T=4 C,5,68.0,2094,13.4,0.5812721619013983
SSP5 delta_T=4 C,5,69.0,2095,13.45,0.5744861280606085
SSP5 delta_T=4 C,5,70.0,2096,13.5,0.5677351817502111
SSP5 delta_T=4 C,5,71.0,2097,13.55,0.5610194382525955
SSP5 delta_T=4 C,5,72.0,2098,13.6,0.5543390121430148
SSP5 delta_T=4 C,5,73.0,2099,13.65,0.5476940172895846
SSP5 delta_T=4 C,5,74.0,2100,13.7,0.5410845668532837
SSP5 delta_T=4 C,6,0.0,2026,10.0,1.0
SSP5 delta_T=4 C,6,1.0,2027,10.05,1.0
SSP5 delta_T=4 C,6,2.0,2028,10.1,1.0
SSP5 delta_T=4 C,6,3.0,2029,10.15,1.0
SSP5 delta_T=4 C,6,4.0,2030,10.2,1.0
SSP5 delta_T=4 C,6,5.0,2031,10.25,1.0
SSP5 delta_T=4 C,6,6.0,2032,10.3,1.0
SSP5 delta_T=4 C,6,7.0,2033,10.35,1.0
SSP5 delta_T=4 C,6,8.0,2034,10.4,1.0
SSP5 delta_T=4 C,6,9.0,2035,10.45,1.0
SSP5 delta_T=4 C,6,10.0,2036,10.5,1.0
SSP5 delta_T=4 C,6,11.0,2037,10.55,1.0
SSP5 delta_T=4 C,6,12.0,2038,10.6,1.0
SSP5 delta_T=4 C,6,13.0,2039,10.65,1.0
SSP5 delta_T=4 C,6,14.0,2040,10.7,1.0
SSP5 delta_T=4 C,6,15.0,2041,10.75,1.0
SSP5 delta_T=4 C,6,16.0,2042,10.8,1.0
SSP5 delta_T=4 C,6,17.0,2043,10.85,1.0
SSP5 delta_T=4 C,6,18.0,2044,10.9,1.0
SSP5 delta_T=4 C,6,19.0,2045,10.95,1.0
SSP5 delta_T=4 C,6,20.0,2046,11.0,1.0
SSP5 delta_T=4 C,6,21.0,2047,11.05,1.0
SSP5 delta_T=4 C,6,22.0,2048,11.1,1.0
SSP5 delta_T=4 C,6,23.0,2049,11.15,1.0
SSP5 delta_T=4 C,6,24.0,2050,11.2,1.0
SSP5 delta_T=4 C,6,25.0,2051,11.25,1.0
SSP5 delta_T=4 C,6,26.0,2052,11.3,1.0
SSP5 delta_T=4 C,6,27.0,2053,11.35,1.0
SSP5 delta_T=4 C,6,28.0,2054,11.4,1.0
SSP5 delta_T=4 C,6,29.0,2055,11.45,1.0
SSP5 delta_T=4 C,6,30.0,2056,11.5,1.0
SSP5 delta_T=4 C,6,31.0,2057,11.55,1.0
SSP5 delta_T=4 C,6,32.0,2058,11.6,1.0
SSP5 delta_T=4 C,6,33.0,2059,11.65,1.0
SSP5 delta_T=4 C,6,34.0,2060,11.7,0.9752665751099918
SSP5 delta_T=4 C,6,35.0,2061,11.75,0.9534666704871744
SSP5 delta_T=4 C,6,36.0,2062,11.8,0.9335830779236062
SSP5 delta_T=4 C,6,37.0,2063,11.85,0.9151228601398085
SSP5 delta_T=4 C,6,38.0,2064,11.9,0.8978435095017058
SSP5 delta_T=4 C,6,39.0,2065,11.95,0.8817335485269125
SSP5 delta_T=4 C,6,40.0,2066,12.0,0.8671592098833875
SSP5 delta_T=4 C,6,41.0,2067,12.05,0.8547620193086793
SSP5 delta_T=4 C,6,42.0,2068,12.1,0.8443016414990105
SSP5 delta_T=4 C,6,43.0,2069,12.15,0.8347439670833873
SSP5 delta_T=4 C,6,44.0,2070,12.2,0.8254930592374781
SSP5 delta_T=4 C,6,45.0,2071,12.25,0.8163584789171994
SSP5 delta_T=4 C,6,46.0,2072,12.3,0.8072873491814746
SSP5 delta_T=4 C,6,47.0,2073,12.35,0.798264453971532
SSP5 delta_T=4 C,6,48.0,2074,12.4,0.7892850617208836
SSP5 delta_T=4 C,6,49.0,2075,12.45,0.7803476461023701
SSP5 delta_T=4 C,6,50.0,2076,12.5,0.7714517696544364
SSP5 delta_T=4 C,6,51.0,2077,12.55,0.7625973974319725
SSP5 delta_T=4 C,6,52.0,2078,12.6,0.7537846515294625
SSP5 delta_T=4 C,6,53.0,2079,12.65,0.7450137169201129
SSP5 delta_T=4 C,6,54.0,2080,12.7,0.736284803741522
SSP5 delta_T=4 C,6,55.0,2081,12.75,0.7275981318147781
SSP5 delta_T=4 C,6,56.0,2082,12.8,0.7189539242043822
SSP5 delta_T=4 C,6,57.0,2083,12.85,0.7103524045198105
SSP5 delta_T=4 C,6,58.0,2084,12.9,0.7017937957804188
SSP5 delta_T=4 C,6,59.0,2085,12.95,0.6932783199369398
SSP5 delta_T=4 C,6,60.0,2086,13.0,0.6848061976695234
SSP5 delta_T=4 C,6,61.0,2087,13.05,0.6763776483024451
SSP5 delta_T=4 C,6,62.0,2088,13.1,0.6679928897680703
SSP5 delta_T=4 C,6,63.0,2089,13.15,0.6596521385916313
SSP5 delta_T=4 C,6,64.0,2090,13.2,0.651355609884795
SSP5 delta_T=4 C,6,65.0,2091,13.25,0.6431035173429472
SSP5 delta_T=4 C,6,66.0,2092,13.3,0.6348960732440448
SSP5 delta_T=4 C,6,67.0,2093,13.35,0.6267334884481324
SSP5 delta_T=4 C,6,68.0,2094,13.4,0.6186159723971388
SSP5 delta_T=4 C,6,69.0,2095,13.45,0.6105437331147899
SSP5 delta_T=4 C,6,70.0,2096,13.5,0.6025169772065734
SSP5 delta_T=4 C,6,71.0,2097,13.55,0.5945359098597229
SSP5 delta_T=4 C,6,72.0,2098,13.6,0.5866007348432124
SSP5 delta_T=4 C,6,73.0,2099,13.65,0.5787116545077525
SSP5 delta_T=4 C,6,74.0,2100,13.7,0.5708688697857902
SSP5 delta_T=4 C,7,0.0,2026,10.0,1.0
SSP5 delta_T=4 C,7,1.0,2027,10.05,1.0
SSP5 delta_T=4 C,7,2.0,2028,10.1,1.0
SSP5 delta_T=4 C,7,3.0,2029,10.15,1.0
SSP5 delta_T=4 C,7,4.0,2030,10.2,1.0
SSP5 delta_T=4 C,7,5.0,2031,10.25,1.0
SSP5 delta_T=4 C,7,6.0,2032,10.3,1.0
SSP5 delta_T=4 C,7,7.0,2033,10.35,1.0
SSP5 delta_T=4 C,7,8.0,2034,10.4,1.0
SSP5 delta_T=4 C,7,9.0,2035,10.45,1.0
SSP5 delta_T=4 C,7,10.0,2036,10.5,1.0
SSP5 delta_T=4 C,7,11.0,2037,10.55,1.0
SSP5 delta_T=4 C,7,12.0,2038,10.6,1.0
SSP5 delta_T=4 C,7,13.0,2039,10.65,1.0
SSP5 delta_T=4 C,7,14.0,2040,10.7,1.0
SSP5 delta_T=4 C,7,15.0,2041,10.75,1.0
SSP5 delta_T=4 C,7,16.0,2042,10.8,1.0
SSP5 delta_T=4 C,7,17.0,2043,10.85,1.0
SSP5 delta_T=4 C,7,18.0,2044,10.9,1.0
SSP5 delta_T=4 C,7,19.0,2045,10.95,1.0
SSP5 delta_T=4 C,7,20.0,2046,11.0,1.0
SSP5 delta_T=4 C,7,21.0,2047,11.05,1.0
SSP5 delta_T=4 C,7,22.0,2048,11.1,1.0
SSP5 delta_T=4 C,7,23.0,2049,11.15,1.0
SSP5 delta_T=4 C,7,24.0,2050,11.2,1.0
SSP5 delta_T=4 C,7,25.0,2051,11.25,1.0
SSP5 delta_T=4 C,7,26.0,2052,11.3,1.0
SSP5 delta_T=4 C,7,27.0,2053,11.35,1.0
SSP5 delta_T=4 C,7,28.0,2054,11.4,1.0
SSP5 delta_T=4 C,7,29.0,2055,11.45,1.0
SSP5 delta_T=4 C,7,30.0,2056,11.5,1.0
SSP5 delta_T=4 C,7,31.0,2057,11.55,1.0
SSP5 delta_T=4 C,7,32.0,2058,11.6,1.0
SSP5 delta_T=4 C,7,33.0,2059,11.65,1.0
SSP5 delta_T=4 C,7,34.0,2060,11.7,1.0
SSP5 delta_T=4 C,7,35.0,2061,11.75,1.0
SSP5 delta_T=4 C,7,36.0,2062,11.8,1.0
SSP5 delta_T=4 C,7,37.0,2063,11.85,1.0
SSP5 delta_T=4 C,7,38.0,2064,11.9,1.0
SSP5 delta_T=4 C,7,39.0,2065,11.95,1.0
SSP5 delta_T=4 C,7,40.0,2066,12.0,1.0
SSP5 delta_T=4 C,7,41.0,2067,12.05,1.0
SSP5 delta_T=4 C,7,42.0,2068,12.1,1.0
SSP5 delta_T=4 C,7,43.0,2069,12.15,0.9707228201752885
SSP5 delta_T=4 C,7,44.0,2070,12.2,0.9449758164571754
SSP5 delta_T=4 C,7,45.0,2071,12.25,0.9215410565573947
SSP5 delta_T=4 C,7,46.0,2072,12.3,0.8998271530970784
SSP5 delta_T=4 C,7,47.0,2073,12.35,0.8795412303456481
SSP5 delta_T=4 C,7,48.0,2074,12.4,0.8606631663781332
SSP5 delta_T=4 C,7,49.0,2075,12.45,0.8436145189077178
SSP5 delta_T=4 C,7,50.0,2076,12.5,0.8291356054370392
SSP5 delta_T=4 C,7,51.0,2077,12.55,0.816935533197103
SSP5 delta_T=4 C,7,52.0,2078,12.6,0.805802009394215
SSP5 delta_T=4 C,7,53.0,2079,12.65,0.795038531056304
SSP5 delta_T=4 C,7,54.0,2080,12.7,0.7844228743712192
SSP5 delta_T=4 C,7,55.0,2081,12.75,0.7738934364965381
SSP5 delta_T=4 C,7,56.0,2082,12.8,0.7634325409133673
SSP5 delta_T=4 C,7,57.0,2083,12.85,0.7530347288745499
SSP5 delta_T=4 C,7,58.0,2084,12.9,0.7426982733185726
SSP5 delta_T=4 C,7,59.0,2085,12.95,0.7324227133829191
SSP5 delta_T=4 C,7,60.0,2086,13.0,0.7222080554124645
SSP5 delta_T=4 C,7,61.0,2087,13.05,0.7120544874297953
SSP5 delta_T=4 C,7,62.0,2088,13.1,0.7019622697141782
SSP5 delta_T=4 C,7,63.0,2089,13.15,0.6919316910209862
SSP5 delta_T=4 C,7,64.0,2090,13.2,0.6819630506308723
SSP5 delta_T=4 C,7,65.0,2091,13.25,0.6720566508909396
SSP5 delta_T=4 C,7,66.0,2092,13.3,0.6622127940932051
SSP5 delta_T=4 C,7,67.0,2093,13.35,0.6524317811631483
SSP5 delta_T=4 C,7,68.0,2094,13.4,0.6427139111075572
SSP5 delta_T=4 C,7,69.0,2095,13.45,0.6330594807817839
SSP5 delta_T=4 C,7,70.0,2096,13.5,0.6234687847915772
SSP5 delta_T=4 C,7,71.0,2097,13.55,0.613942115451663
SSP5 delta_T=4 C,7,72.0,2098,13.6,0.6044797627682691
SSP5 delta_T=4 C,7,73.0,2099,13.65,0.5950820144317531
SSP5 delta_T=4 C,7,74.0,2100,13.7,0.585749155813492
SSP5 delta_T=4 C,8,0.0,2026,10.0,1.0
SSP5 delta_T=4 C,8,1.0,2027,10.05,1.0
SSP5 delta_T=4 C,8,2.0,2028,10.1,1.0
SSP5 delta_T=4 C,8,3.0,2029,10.15,1.0
SSP5 delta_T=4 C,8,4.0,2030,10.2,1.0
SSP5 delta_T=4 C,8,5.0,2031,10.25,1.0
SSP5 delta_T=4 C,8,6.0,2032,10.3,1.0
SSP5 delta_T=4 C,8,7.0,2033,10.35,1.0
SSP5 delta_T=4 C,8,8.0,2034,10.4,1.0
SSP5 delta_T=4 C,8,9.0,2035,10.45,1.0
SSP5 delta_T=4 C,8,10.0,2036,10.5,1.0
SSP5 delta_T=4 C,8,11.0,2037,10.55,1.0
SSP5 delta_T=4 C,8,12.0,2038,10.6,1.0
SSP5 delta_T=4 C,8,13.0,2039,10.65,1.0
SSP5 delta_T=4 C,8,14.0,2040,10.7,1.0
SSP5 delta_T=4 C,8,15.0,2041,10.75,1.0
SSP5 delta_T=4 C,8,16.0,2042,10.8,1.0
SSP5 delta_T=4 C,8,17.0,2043,10.85,1.0
SSP5 delta_T=4 C,8,18.0,2044,10.9,1.0
SSP5 delta_T=4 C,8,19.0,2045,10.95,1.0
SSP5 delta_T=4 C,8,20.0,2046,11.0,1.0
SSP5 delta_T=4 C,8,21.0,2047,11.05,1.0
SSP5 delta_T=4 C,8,22.0,2048,11.1,1.0
SSP5 delta_T=4 C,8,23.0,2049,11.15,1.0
SSP5 delta_T=4 C,8,24.0,2050,11.2,1.0
SSP5 delta_T=4 C,8,25.0,2051,11.25,1.0
SSP5 delta_T=4 C,8,26.0,2052,11.3,1.0
SSP5 delta_T=4 C,8,27.0,2053,11.35,1.0
SSP5 delta_T=4 C,8,28.0,2054,11.4,1.0
SSP5 delta_T=4 C,8,29.0,2055,11.45,1.0
SSP5 delta_T=4 C,8,30.0,2056,11.5,1.0
SSP5 delta_T=4 C,8,31.0,2057,11.55,1.0
SSP5 delta_T=4 C,8,32.0,2058,11.6,1.0
SSP5 delta_T=4 C,8,33.0,2059,11.65,1.0
SSP5 delta_T=4 C,8,34.0,2060,11.7,1.0
SSP5 delta_T=4 C,8,35.0,2061,11.75,1.0
SSP5 delta_T=4 C,8,36.0,2062,11.8,1.0
SSP5 delta_T=4 C,8,37.0,2063,11.85,1.0
SSP5 delta_T=4 C,8,38.0,2064,11.9,1.0
SSP5 delta_T=4 C,8,39.0,2065,11.95,1.0
SSP5 delta_T=4 C,8,40.0,2066,12.0,1.0
SSP5 delta_T=4 C,8,41.0,2067,12.05,1.0
SSP5 delta_T=4 C,8,42.0,2068,12.1,1.0
SSP5 delta_T=4 C,8,43.0,2069,12.15,1.0
SSP5 delta_T=4 C,8,44.0,2070,12.2,1.0
SSP5 delta_T=4 C,8,45.0,2071,12.25,1.0
SSP5 delta_T=4 C,8,46.0,2072,12.3,1.0
SSP5 delta_T=4 C,8,47.0,2073,12.35,0.9709737371418105
SSP5 delta_T=4 C,8,48.0,2074,12.4,0.9454105713795121
SSP5 delta_T=4 C,8,49.0,2075,12.45,0.9221138377147358
SSP5 delta_T=4 C,8,50.0,2076,12.5,0.9005034120047585
SSP5 delta_T=4 C,8,51.0,2077,12.55,0.8802933605026759
SSP5 delta_T=4 C,8,52.0,2078,12.6,0.861468191715588
SSP5 delta_T=4 C,8,53.0,2079,12.65,0.8444529055296752
SSP5 delta_T=4 C,8,54.0,2080,12.7,0.8299917661089918
SSP5 delta_T=4 C,8,55.0,2081,12.75,0.8177992543461957
SSP5 delta_T=4 C,8,56.0,2082,12.8,0.8066667896744233
SSP5 delta_T=4 C,8,57.0,2083,12.85,0.7958991018810113
SSP5 delta_T=4 C,8,58.0,2084,12.9,0.7852743148091028
SSP5 delta_T=4 C,8,59.0,2085,12.95,0.7747309956580771
SSP5 delta_T=4 C,8,60.0,2086,13.0,0.7642516092180194
SSP5 delta_T=4 C,8,61.0,2087,13.05,0.7538308338222133
SSP5 delta_T=4 C,8,62.0,2088,13.1,0.743467078730014
SSP5 delta_T=4 C,8,63.0,2089,13.15,0.7331600188897149
SSP5 delta_T=4 C,8,64.0,2090,13.2,0.7229097957828023
SSP5 delta_T=4 C,8,65.0,2091,13.25,0.7127167317383265
SSP5 delta_T=4 C,8,66.0,2092,13.3,0.7025812204104731
SSP5 delta_T=4 C,8,67.0,2093,13.35,0.6925036829395338
SSP5 delta_T=4 C,8,68.0,2094,13.4,0.6824845499695187
SSP5 delta_T=4 C,8,69.0,2095,13.45,0.6725242541730285
SSP5 delta_T=4 C,8,70.0,2096,13.5,0.6626232271215655
SSP5 delta_T=4 C,8,71.0,2097,13.55,0.6527818979701046
SSP5 delta_T=4 C,8,72.0,2098,13.6,0.6430006929030361
SSP5 delta_T=4 C,8,73.0,2099,13.65,0.6332800349005242
SSP5 delta_T=4 C,8,74.0,2100,13.7,0.6236203436399201
SSP5 delta_T=4 C,9,0.0,2026,10.0,1.0
SSP5 delta_T=4 C,9,1.0,2027,10.05,1.0
SSP5 delta_T=4 C,9,2.0,2028,10.1,1.0
SSP5 delta_T=4 C,9,3.0,2029,10.15,1.0
SSP5 delta_T=4 C,9,4.0,2030,10.2,1.0
SSP5 delta_T=4 C,9,5.0,2031,10.25,1.0
SSP5 delta_T=4 C,9,6.0,2032,10.3,1.0
SSP5 delta_T=4 C,9,7.0,2033,10.35,1.0
SSP5 delta_T=4 C,9,8.0,2034,10.4,1.0
SSP5 delta_T=4 C,9,9.0,2035,10.45,1.0
SSP5 delta_T=4 C,9,10.0,2036,10.5,1.0
SSP5 delta_T=4 C,9,11.0,2037,10.55,1.0
SSP5 delta_T=4 C,9,12.0,2038,10.6,1.0
SSP5 delta_T=4 C,9,13.0,2039,10.65,1.0
SSP5 delta_T=4 C,9,14.0,2040,10.7,1.0
SSP5 delta_T=4 C,9,15.0,2041,10.75,1.0
SSP5 delta_T=4 C,9,16.0,2042,10.8,1.0
SSP5 delta_T=4 C,9,17.0,2043,10.85,1.0
SSP5 delta_T=4 C,9,18.0,2044,10.9,1.0
SSP5 delta_T=4 C,9,19.0,2045,10.95,1.0
SSP5 delta_T=4 C,9,20.0,2046,11.0,1.0
SSP5 delta_T=4 C,9,21.0,2047,11.05,1.0
SSP5 delta_T=4 C,9,22.0,2048,11.1,1.0
SSP5 delta_T=4 C,9,23.0,2049,11.15,1.0
SSP5 delta_T=4 C,9,24.0,2050,11.2,1.0
SSP5 delta_T=4 C,9,25.0,2051,11.25,1.0
SSP5 delta_T=4 C,9,26.0,2052,11.3,1.0
SSP5 delta_T=4 C,9,27.0,2053,11.35,1.0
SSP5 delta_T=4 C,9,28.0,2054,11.4,1.0
SSP5 delta_T=4 C,9,29.0,2055,11.45,1.0
SSP5 delta_T=4 C,9,30.0,2056,11.5,1.0
SSP5 delta_T=4 C,9,31.0,2057,11.55,1.0
SSP5 delta_T=4 C,9,32.0,2058,11.6,1.0
SSP5 delta_T=4 C,9,33.0,2059,11.65,1.0
SSP5 delta_T=4 C,9,34.0,2060,11.7,1.0
SSP5 delta_T=4 C,9,35.0,2061,11.75,1.0
SSP5 delta_T=4 C,9,36.0,2062,11.8,1.0
SSP5 delta_T=4 C,9,37.0,2063,11.85,1.0
SSP5 delta_T=4 C,9,38.0,2064,11.9,0.9743661714490918
SSP5 delta_T=4 C,9,39.0,2065,11.95,0.9517070158912359
SSP5 delta_T=4 C,9,40.0,2066,12.0,0.9309881938636407
SSP5 delta_T=4 C,9,41.0,2067,12.05,0.9117102153746128
SSP5 delta_T=4 C,9,42.0,2068,12.1,0.893629864225283
SSP5 delta_T=4 C,9,43.0,2069,12.15,0.8767432822028219
SSP5 delta_T=4 C,9,44.0,2070,12.2,0.8614424424509911
SSP5 delta_T=4 C,9,45.0,2071,12.25,0.8484100100617231
SSP5 delta_T=4 C,9,46.0,2072,12.3,0.8374016721343832
SSP5 delta_T=4 C,9,47.0,2073,12.35,0.8273340242041702
SSP5 delta_T=4 C,9,48.0,2074,12.4,0.8175812785769586
SSP5 delta_T=4 C,9,49.0,2075,12.45,0.8079434359098947
SSP5 delta_T=4 C,9,50.0,2076,12.5,0.7983651402981455
SSP5 delta_T=4 C,9,51.0,2077,12.55,0.7888306669811295
SSP5 delta_T=4 C,9,52.0,2078,12.6,0.7793353298562252
SSP5 delta_T=4 C,9,53.0,2079,12.65,0.7698778179704221
SSP5 delta_T=4 C,9,54.0,2080,12.7,0.760457966217154
SSP5 delta_T=4 C,9,55.0,2081,12.75,0.7510760319743142
SSP5 delta_T=4 C,9,56.0,2082,12.8,0.7417324362362702
SSP5 delta_T=4 C,9,57.0,2083,12.85,0.7324276642515325
SSP5 delta_T=4 C,9,58.0,2084,12.9,0.7231622256975814
SSP5 delta_T=4 C,9,59.0,2085,12.95,0.7139366383219952
SSP5 delta_T=4 C,9,60.0,2086,13.0,0.7047514211323753
SSP5 delta_T=4 C,9,61.0,2087,13.05,0.6956070915409183
SSP5 delta_T=4 C,9,62.0,2088,13.1,0.6865041641624822
SSP5 delta_T=4 C,9,63.0,2089,13.15,0.6774431503075817
SSP5 delta_T=4 C,9,64.0,2090,13.2,0.6684245577682676
SSP5 delta_T=4 C,9,65.0,2091,13.25,0.6594488907276421
SSP5 delta_T=4 C,9,66.0,2092,13.3,0.6505166497216107
SSP5 delta_T=4 C,9,67.0,2093,13.35,0.6416283316227138
SSP5 delta_T=4 C,9,68.0,2094,13.4,0.6327844296332924
SSP5 delta_T=4 C,9,69.0,2095,13.45,0.6239854332825997
SSP5 delta_T=4 C,9,70.0,2096,13.5,0.6152318284255817
SSP5 delta_T=4 C,9,71.0,2097,13.55,0.6065240972423626
SSP5 delta_T=4 C,9,72.0,2098,13.6,0.5978627182380272
SSP5 delta_T=4 C,9,73.0,2099,13.65,0.589248166242529
SSP5 delta_T=4 C,9,74.0,2100,13.7,0.5806809124106518
SSP5 delta_T=4 C,10,0.0,2026,10.0,1.0
SSP5 delta_T=4 C,10,1.0,2027,10.05,1.0
SSP5 delta_T=4 C,10,2.0,2028,10.1,1.0
SSP5 delta_T=4 C,10,3.0,2029,10.15,1.0
SSP5 delta_T=4 C,10,4.0,2030,10.2,1.0
SSP5 delta_T=4 C,10,5.0,2031,10.25,1.0
SSP5 delta_T=4 C,10,6.0,2032,10.3,1.0
SSP5 delta_T=4 C,10,7.0,2033,10.35,1.0
SSP5 delta_T=4 C,10,8.0,2034,10.4,1.0
SSP5 delta_T=4 C,10,9.0,2035,10.45,1.0
SSP5 delta_T=4 C,10,10.0,2036,10.5,1.0
SSP5 delta_T=4 C,10,11.0,2037,10.55,1.0
SSP5 delta_T=4 C,10,12.0,2038,10.6,1.0
SSP5 delta_T=4 C,10,13.0,2039,10.65,1.0
SSP5 delta_T=4 C,10,14.0,2040,10.7,1.0
SSP5 delta_T=4 C,10,15.0,2041,10.75,1.0
SSP5 delta_T=4 C,10,16.0,2042,10.8,1.0
SSP5 delta_T=4 C,10,17.0,2043,10.85,1.0
SSP5 delta_T=4 C,10,18.0,2044,10.9,1.0
SSP5 delta_T=4 C,10,19.0,2045,10.95,1.0
SSP5 delta_T=4 C,10,20.0,2046,11.0,1.0
SSP5 delta_T=4 C,10,21.0,2047,11.05,1.0
SSP5 delta_T=4 C,10,22.0,2048,11.1,1.0
SSP5 delta_T=4 C,10,23.0,2049,11.15,1.0
SSP5 delta_T=4 C,10,24.0,2050,11.2,1.0
SSP5 delta_T=4 C,10,25.0,2051,11.25,0.97760557286742
SSP5 delta_T=4 C,10,26.0,2052,11.3,0.9578273511240687
SSP5 delta_T=4 C,10,27.0,2053,11.35,0.9397547275189152
SSP5 delta_T=4 C,10,28.0,2054,11.4,0.922947320662083
SSP5 delta_T=4 C,10,29.0,2055,11.45,0.9071898787533996
SSP5 delta_T=4 C,10,30.0,2056,11.5,0.8924766480610958
SSP5 delta_T=4 C,10,31.0,2057,11.55,0.8791472507289481
SSP5 delta_T=4 C,10,32.0,2058,11.6,0.867794935842482
SSP5 delta_T=4 C,10,33.0,2059,11.65,0.85820601811131
SSP5 delta_T=4 C,10,34.0,2060,11.7,0.8494363870850761
SSP5 delta_T=4 C,10,35.0,2061,11.75,0.8409407012232366
SSP5 delta_T=4 C,10,36.0,2062,11.8,0.8325445227193105
SSP5 delta_T=4 C,10,37.0,2063,11.85,0.8241994069395432
SSP5 delta_T=4 C,10,38.0,2064,11.9,0.815891431179093
SSP5 delta_T=4 C,10,39.0,2065,11.95,0.8076162895901927
SSP5 delta_T=4 C,10,40.0,2066,12.0,0.7993726180203454
SSP5 delta_T=4 C,10,41.0,2067,12.05,0.7911600522139174
SSP5 delta_T=4 C,10,42.0,2068,12.1,0.7829785977336887
SSP5 delta_T=4 C,10,43.0,2069,12.15,0.774828404470336
SSP5 delta_T=4 C,10,44.0,2070,12.2,0.7667096800871158
SSP5 delta_T=4 C,10,45.0,2071,12.25,0.7586226553250298
SSP5 delta_T=4 C,10,46.0,2072,12.3,0.7505675697497323
SSP5 delta_T=4 C,10,47.0,2073,12.35,0.7425446658172276
SSP5 delta_T=4 C,10,48.0,2074,12.4,0.7345541863852182
SSP5 delta_T=4 C,10,49.0,2075,12.45,0.726596373665348
SSP5 delta_T=4 C,10,50.0,2076,12.5,0.7186714687811278
SSP5 delta_T=4 C,10,51.0,2077,12.55,0.7107797115811897
SSP5 delta_T=4 C,10,52.0,2078,12.6,0.7029213405603478
SSP5 delta_T=4 C,10,53.0,2079,12.65,0.69509659282622
SSP5 delta_T=4 C,10,54.0,2080,12.7,0.687305704085112
SSP5 delta_T=4 C,10,55.0,2081,12.75,0.6795489086360489
SSP5 delta_T=4 C,10,56.0,2082,12.8,0.6718264393682521
SSP5 delta_T=4 C,10,57.0,2083,12.85,0.6641385277600739
SSP5 delta_T=4 C,10,58.0,2084,12.9,0.6564854038785468
SSP5 delta_T=4 C,10,59.0,2085,12.95,0.6488672963791923
SSP5 delta_T=4 C,10,60.0,2086,13.0,0.6412844325059426
SSP5 delta_T=4 C,10,61.0,2087,13.05,0.6337370380911062
SSP5 delta_T=4 C,10,62.0,2088,13.1,0.6262253375553524
SSP5 delta_T=4 C,10,63.0,2089,13.15,0.6187495539077078
SSP5 delta_T=4 C,10,64.0,2090,13.2,0.6113099087455509
SSP5 delta_T=4 C,10,65.0,2091,13.25,0.6039066222546142
SSP5 delta_T=4 C,10,66.0,2092,13.3,0.5965399132089807
SSP5 delta_T=4 C,10,67.0,2093,13.35,0.5892099989710858
SSP5 delta_T=4 C,10,68.0,2094,13.4,0.5819170954917162
SSP5 delta_T=4 C,10,69.0,2095,13.45,0.574661417310011
SSP5 delta_T=4 C,10,70.0,2096,13.5,0.5674431775534597
SSP5 delta_T=4 C,10,71.0,2097,13.55,0.5602625879379045
SSP5 delta_T=4 C,10,72.0,2098,13.6,0.5531198587675386
SSP5 delta_T=4 C,10,73.0,2099,13.65,0.5460151989349068
SSP5 delta_T=4 C,10,74.0,2100,13.7,0.5389488159209056
SSP5 delta_T=4 C,11,0.0,2026,10.0,1.0
SSP5 delta_T=4 C,11,1.0,2027,10.05,1.0
SSP5 delta_T=4 C,11,2.0,2028,10.1,1.0
SSP5 delta_T=4 C,11,3.0,2029,10.15,1.0
SSP5 delta_T=4 C,11,4.0,2030,10.2,1.0
SSP5 delta_T=4 C,11,5.0,2031,10.25,1.0
SSP5 delta_T=4 C,11,6.0,2032,10.3,1.0
SSP5 delta_T=4 C,11,7.0,2033,10.35,1.0
SSP5 delta_T=4 C,11,8.0,2034,10.4,1.0
SSP5 delta_T=4 C,11,9.0,2035,10.45,1.0
SSP5 delta_T=4 C,11,10.0,2036,10.5,1.0
SSP5 delta_T=4 C,11,11.0,2037,10.55,1.0
SSP5 delta_T=4 C,11,12.0,2038,10.6,1.0
SSP5 delta_T=4 C,11,13.0,2039,10.65,1.0
SSP5 delta_T=4 C,11,14.0,2040,10.7,1.0
SSP5 delta_T=4 C,11,15.0,2041,10.75,1.0
SSP5 delta_T=4 C,11,16.0,2042,10.8,1.0
SSP5 delta_T=4 C,11,17.0,2043,10.85,1.0
SSP5 delta_T=4 C,11,18.0,2044,10.9,1.0
SSP5 delta_T=4 C,11,19.0,2045,10.95,1.0
SSP5 delta_T=4 C,11,20.0,2046,11.0,1.0
SSP5 delta_T=4 C,11,21.0,2047,11.05,1.0
SSP5 delta_T=4 C,11,22.0,2048,11.1,1.0
SSP5 delta_T=4 C,11,23.0,2049,11.15,1.0
SSP5 delta_T=4 C,11,24.0,2050,11.2,1.0
SSP5 delta_T=4 C,11,25.0,2051,11.25,1.0
SSP5 delta_T=4 C,11,26.0,2052,11.3,1.0
SSP5 delta_T=4 C,11,27.0,2053,11.35,1.0
SSP5 delta_T=4 C,11,28.0,2054,11.4,1.0
SSP5 delta_T=4 C,11,29.0,2055,11.45,1.0
SSP5 delta_T=4 C,11,30.0,2056,11.5,1.0
SSP5 delta_T=4 C,11,31.0,2057,11.55,1.0
SSP5 delta_T=4 C,11,32.0,2058,11.6,1.0
SSP5 delta_T=4 C,11,33.0,2059,11.65,1.0
SSP5 delta_T=4 C,11,34.0,2060,11.7,1.0
SSP5 delta_T=4 C,11,35.0,2061,11.75,1.0
SSP5 delta_T=4 C,11,36.0,2062,11.8,1.0
SSP5 delta_T=4 C,11,37.0,2063,11.85,1.0
SSP5 delta_T=4 C,11,38.0,2064,11.9,1.0
SSP5 delta_T=4 C,11,39.0,2065,11.95,1.0
SSP5 delta_T=4 C,11,40.0,2066,12.0,1.0
SSP5 delta_T=4 C,11,41.0,2067,12.05,1.0
SSP5 delta_T=4 C,11,42.0,2068,12.1,1.0
SSP5 delta_T=4 C,11,43.0,2069,12.15,1.0
SSP5 delta_T=4 C,11,44.0,2070,12.2,1.0
SSP5 delta_T=4 C,11,45.0,2071,12.25,1.0
SSP5 delta_T=4 C,11,46.0,2072,12.3,1.0
SSP5 delta_T=4 C,11,47.0,2073,12.35,1.0
SSP5 delta_T=4 C,11,48.0,2074,12.4,1.0
SSP5 delta_T=4 C,11,49.0,2075,12.45,1.0
SSP5 delta_T=4 C,11,50.0,2076,12.5,1.0
SSP5 delta_T=4 C,11,51.0,2077,12.55,1.0
SSP5 delta_T=4 C,11,52.0,2078,12.6,1.0
SSP5 delta_T=4 C,11,53.0,2079,12.65,1.0
SSP5 delta_T=4 C,11,54.0,2080,12.7,1.0
SSP5 delta_T=4 C,11,55.0,2081,12.75,1.0
SSP5 delta_T=4 C,11,56.0,2082,12.8,1.0
SSP5 delta_T=4 C,11,57.0,2083,12.85,1.0
SSP5 delta_T=4 C,11,58.0,2084,12.9,1.0
SSP5 delta_T=4 C,11,59.0,2085,12.95,1.0
SSP5 delta_T=4 C,11,60.0,2086,13.0,1.0
SSP5 delta_T=4 C,11,61.0,2087,13.05,1.0
SSP5 delta_T=4 C,11,62.0,2088,13.1,1.0
SSP5 delta_T=4 C,11,63.0,2089,13.15,1.0
SSP5 delta_T=4 C,11,64.0,2090,13.2,1.0
SSP5 delta_T=4 C,11,65.0,2091,13.25,1.0
SSP5 delta_T=4 C,11,66.0,2092,13.3,1.0
SSP5 delta_T=4 C,11,67.0,2093,13.35,1.0
SSP5 delta_T=4 C,11,68.0,2094,13.4,1.0
SSP5 delta_T=4 C,11,69.0,2095,13.45,1.0
SSP5 delta_T=4 C,11,70.0,2096,13.5,1.0
SSP5 delta_T=4 C,11,71.0,2097,13.55,1.0
SSP5 delta_T=4 C,11,72.0,2098,13.6,1.0
SSP5 delta_T=4 C,11,73.0,2099,13.65,1.0
SSP5 delta_T=4 C,11,74.0,2100,13.7,1.0
SSP5 delta_T=4 C,12,0.0,2026,10.0,1.0
SSP5 delta_T=4 C,12,1.0,2027,10.05,1.0
SSP5 delta_T=4 C,12,2.0,2028,10.1,1.0
SSP5 delta_T=4 C,12,3.0,2029,10.15,1.0
SSP5 delta_T=4 C,12,4.0,2030,10.2,1.0
SSP5 delta_T=4 C,12,5.0,2031,10.25,1.0
SSP5 delta_T=4 C,12,6.0,2032,10.3,1.0
SSP5 delta_T=4 C,12,7.0,2033,10.35,1.0
SSP5 delta_T=4 C,12,8.0,2034,10.4,1.0
SSP5 delta_T=4 C,12,9.0,2035,10.45,1.0
SSP5 delta_T=4 C,12,10.0,2036,10.5,1.0
SSP5 delta_T=4 C,12,11.0,2037,10.55,1.0
SSP5 delta_T=4 C,12,12.0,2038,10.6,1.0
SSP5 delta_T=4 C,12,13.0,2039,10.65,1.0
SSP5 delta_T=4 C,12,14.0,2040,10.7,1.0
SSP5 delta_T=4 C,12,15.0,2041,10.75,1.0
SSP5 delta_T=4 C,12,16.0,2042,10.8,1.0
SSP5 delta_T=4 C,12,17.0,2043,10.85,1.0
SSP5 delta_T=4 C,12,18.0,2044,10.9,1.0
SSP5 delta_T=4 C,12,19.0,2045,10.95,1.0
SSP5 delta_T=4 C,12,20.0,2046,11.0,1.0
SSP5 delta_T=4 C,12,21.0,2047,11.05,1.0
SSP5 delta_T=4 C,12,22.0,2048,11.1,1.0
SSP5 delta_T=4 C,12,23.0,2049,11.15,1.0
SSP5 delta_T=4 C,12,24.0,2050,11.2,1.0
SSP5 delta_T=4 C,12,25.0,2051,11.25,1.0
SSP5 delta_T=4 C,12,26.0,2052,11.3,1.0
SSP5 delta_T=4 C,12,27.0,2053,11.35,1.0
SSP5 delta_T=4 C,12,28.0,2054,11.4,1.0
SSP5 delta_T=4 C,12,29.0,2055,11.45,1.0
SSP5 delta_T=4 C,12,30.0,2056,11.5,1.0
SSP5 delta_T=4 C,12,31.0,2057,11.55,1.0
SSP5 delta_T=4 C,12,32.0,2058,11.6,1.0
SSP5 delta_T=4 C,12,33.0,2059,11.65,1.0
SSP5 delta_T=4 C,12,34.0,2060,11.7,1.0
SSP5 delta_T=4 C,12,35.0,2061,11.75,1.0
SSP5 delta_T=4 C,12,36.0,2062,11.8,1.0
SSP5 delta_T=4 C,12,37.0,2063,11.85,1.0
SSP5 delta_T=4 C,12,38.0,2064,11.9,1.0
SSP5 delta_T=4 C,12,39.0,2065,11.95,1.0
SSP5 delta_T=4 C,12,40.0,2066,12.0,1.0
SSP5 delta_T=4 C,12,41.0,2067,12.05,1.0
SSP5 delta_T=4 C,12,42.0,2068,12.1,1.0
SSP5 delta_T=4 C,12,43.0,2069,12.15,1.0
SSP5 delta_T=4 C,12,44.0,2070,12.2,0.9786143845406604
SSP5 delta_T=4 C,12,45.0,2071,12.25,0.9597297720598194
SSP5 delta_T=4 C,12,46.0,2072,12.3,0.942475351748102
SSP5 delta_T=4 C,12,47.0,2073,12.35,0.9264298742102945
SSP5 delta_T=4 C,12,48.0,2074,12.4,0.9113873023833073
SSP5 delta_T=4 C,12,49.0,2075,12.45,0.8973417543370524
SSP5 delta_T=4 C,12,50.0,2076,12.5,0.8846171710243262
SSP5 delta_T=4 C,12,51.0,2077,12.55,0.8737797531120556
SSP5 delta_T=4 C,12,52.0,2078,12.6,0.8646255038188694
SSP5 delta_T=4 C,12,53.0,2079,12.65,0.8562531343704984
SSP5 delta_T=4 C,12,54.0,2080,12.7,0.8481419975537777
SSP5 delta_T=4 C,12,55.0,2081,12.75,0.8401255162895737
SSP5 delta_T=4 C,12,56.0,2082,12.8,0.8321573921107851
SSP5 delta_T=4 C,12,57.0,2083,12.85,0.824224283676446
SSP5 delta_T=4 C,12,58.0,2084,12.9,0.8163220310218232
SSP5 delta_T=4 C,12,59.0,2085,12.95,0.8084492829608565
SSP5 delta_T=4 C,12,60.0,2086,13.0,0.8006056432711741
SSP5 delta_T=4 C,12,61.0,2087,13.05,0.7927910691531821
SSP5 delta_T=4 C,12,62.0,2088,13.1,0.7850056559470738
SSP5 delta_T=4 C,12,63.0,2089,13.15,0.777249554492926
SSP5 delta_T=4 C,12,64.0,2090,13.2,0.7695229380038999
SSP5 delta_T=4 C,12,65.0,2091,13.25,0.761825988456618
SSP5 delta_T=4 C,12,66.0,2092,13.3,0.7541588909244342
SSP5 delta_T=4 C,12,67.0,2093,13.35,0.7465218312008332
SSP5 delta_T=4 C,12,68.0,2094,13.4,0.7389149947987743
SSP5 delta_T=4 C,12,69.0,2095,13.45,0.7313385665284586
SSP5 delta_T=4 C,12,70.0,2096,13.5,0.7237927303189452
SSP5 delta_T=4 C,12,71.0,2097,13.55,0.7162776691427428
SSP5 delta_T=4 C,12,72.0,2098,13.6,0.7087935649839178
SSP5 delta_T=4 C,12,73.0,2099,13.65,0.7013405988246088
SSP5 delta_T=4 C,12,74.0,2100,13.7,0.6939189506393227
SSP5 delta_T=4 C,13,0.0,2026,10.0,1.0
SSP5 delta_T=4 C,13,1.0,2027,10.05,1.0
SSP5 delta_T=4 C,13,2.0,2028,10.1,1.0
SSP5 delta_T=4 C,13,3.0,2029,10.15,1.0
SSP5 delta_T=4 C,13,4.0,2030,10.2,1.0
SSP5 delta_T=4 C,13,5.0,2031,10.25,1.0
SSP5 delta_T=4 C,13,6.0,2032,10.3,1.0
SSP5 delta_T=4 C,13,7.0,2033,10.35,1.0
SSP5 delta_T=4 C,13,8.0,2034,10.4,1.0
SSP5 delta_T=4 C,13,9.0,2035,10.45,1.0
SSP5 delta_T=4 C,13,10.0,2036,10.5,1.0
SSP5 delta_T=4 C,13,11.0,2037,10.55,1.0
SSP5 delta_T=4 C,13,12.0,2038,10.6,1.0
SSP5 delta_T=4 C,13,13.0,2039,10.65,1.0
SSP5 delta_T=4 C,13,14.0,2040,10.7,1.0
SSP5 delta_T=4 C,13,15.0,2041,10.75,1.0
SSP5 delta_T=4 C,13,16.0,2042,10.8,1.0
SSP5 delta_T=4 C,13,17.0,2043,10.85,1.0
SSP5 delta_T=4 C,13,18.0,2044,10.9,1.0
SSP5 delta_T=4 C,13,19.0,2045,10.95,1.0
SSP5 delta_T=4 C,13,20.0,2046,11.0,1.0
SSP5 delta_T=4 C,13,21.0,2047,11.05,1.0
SSP5 delta_T=4 C,13,22.0,2048,11.1,1.0
SSP5 delta_T=4 C,13,23.0,2049,11.15,1.0
SSP5 delta_T=4 C,13,24.0,2050,11.2,1.0
SSP5 delta_T=4 C,13,25.0,2051,11.25,1.0
SSP5 delta_T=4 C,13,26.0,2052,11.3,1.0
SSP5 delta_T=4 C,13,27.0,2053,11.35,1.0
SSP5 delta_T=4 C,13,28.0,2054,11.4,1.0
SSP5 delta_T=4 C,13,29.0,2055,11.45,1.0
SSP5 delta_T=4 C,13,30.0,2056,11.5,1.0
SSP5 delta_T=4 C,13,31.0,2057,11.55,1.0
SSP5 delta_T=4 C,13,32.0,2058,11.6,1.0
SSP5 delta_T=4 C,13,33.0,2059,11.65,1.0
SSP5 delta_T=4 C,13,34.0,2060,11.7,1.0
SSP5 delta_T=4 C,13,35.0,2061,11.75,1.0
SSP5 delta_T=4 C,13,36.0,2062,11.8,1.0
SSP5 delta_T=4 C,13,37.0,2063,11.85,1.0
SSP5 delta_T=4 C,13,38.0,2064,11.9,1.0
SSP5 delta_T=4 C,13,39.0,2065,11.95,1.0
SSP5 delta_T=4 C,13,40.0,2066,12.0,1.0
SSP5 delta_T=4 C,13,41.0,2067,12.05,1.0
SSP5 delta_T=4 C,13,42.0,2068,12.1,1.0
SSP5 delta_T=4 C,13,43.0,2069,12.15,1.0
SSP5 delta_T=4 C,13,44.0,2070,12.2,1.0
SSP5 delta_T=4 C,13,45.0,2071,12.25,1.0
SSP5 delta_T=4 C,13,46.0,2072,12.3,1.0
SSP5 delta_T=4 C,13,47.0,2073,12.35,1.0
SSP5 delta_T=4 C,13,48.0,2074,12.4,1.0
SSP5 delta_T=4 C,13,49.0,2075,12.45,1.0
SSP5 delta_T=4 C,13,50.0,2076,12.5,1.0
SSP5 delta_T=4 C,13,51.0,2077,12.55,1.0
SSP5 delta_T=4 C,13,52.0,2078,12.6,0.9734878542623776
SSP5 delta_T=4 C,13,53.0,2079,12.65,0.950127317379201
SSP5 delta_T=4 C,13,54.0,2080,12.7,0.9288270489026443
SSP5 delta_T=4 C,13,55.0,2081,12.75,0.9090581137355503
SSP5 delta_T=4 C,13,56.0,2082,12.8,0.8905601119022011
SSP5 delta_T=4 C,13,57.0,2083,12.85,0.8733200414391661
SSP5 delta_T=4 C,13,58.0,2084,12.9,0.8577287904741248
SSP5 delta_T=4 C,13,59.0,2085,12.95,0.8444709858153697
SSP5 delta_T=4 C,13,60.0,2086,13.0,0.8332877764414772
SSP5 delta_T=4 C,13,61.0,2087,13.05,0.8230724478105749
SSP5 delta_T=4 C,13,62.0,2088,13.1,0.8131876531026379
SSP5 delta_T=4 C,13,63.0,2089,13.15,0.8034298305740707
SSP5 delta_T=4 C,13,64.0,2090,13.2,0.7937425228320166
SSP5 delta_T=4 C,13,65.0,2091,13.25,0.7841095359977405
SSP5 delta_T=4 C,13,66.0,2092,13.3,0.7745258826962633
SSP5 delta_T=4 C,13,67.0,2093,13.35,0.7649900005055321
SSP5 delta_T=4 C,13,68.0,2094,13.4,0.7555014899012836
SSP5 delta_T=4 C,13,69.0,2095,13.45,0.746060380780682
SSP5 delta_T=4 C,13,70.0,2096,13.5,0.736666870178992
SSP5 delta_T=4 C,13,71.0,2097,13.55,0.7273212216840677
SSP5 delta_T=4 C,13,72.0,2098,13.6,0.7180237251587736
SSP5 delta_T=4 C,13,73.0,2099,13.65,0.7087746802124083
SSP5 delta_T=4 C,13,74.0,2100,13.7,0.6995743893267885
SSP5 delta_T=4 C,14,0.0,2026,10.0,1.0
SSP5 delta_T=4 C,14,1.0,2027,10.05,1.0
SSP5 delta_T=4 C,14,2.0,2028,10.1,1.0
SSP5 delta_T=4 C,14,3.0,2029,10.15,1.0
SSP5 delta_T=4 C,14,4.0,2030,10.2,1.0
SSP5 delta_T=4 C,14,5.0,2031,10.25,1.0
SSP5 delta_T=4 C,14,6.0,2032,10.3,1.0
SSP5 delta_T=4 C,14,7.0,2033,10.35,1.0
SSP5 delta_T=4 C,14,8.0,2034,10.4,1.0
SSP5 delta_T=4 C,14,9.0,2035,10.45,1.0
SSP5 delta_T=4 C,14,10.0,2036,10.5,1.0
SSP5 delta_T=4 C,14,11.0,2037,10.55,1.0
SSP5 delta_T=4 C,14,12.0,2038,10.6,1.0
SSP5 delta_T=4 C,14,13.0,2039,10.65,1.0
SSP5 delta_T=4 C,14,14.0,2040,10.7,1.0
SSP5 delta_T=4 C,14,15.0,2041,10.75,1.0
SSP5 delta_T=4 C,14,16.0,2042,10.8,1.0
SSP5 delta_T=4 C,14,17.0,2043,10.85,1.0
SSP5 delta_T=4 C,14,18.0,2044,10.9,1.0
SSP5 delta_T=4 C,14,19.0,2045,10.95,1.0
SSP5 delta_T=4 C,14,20.0,2046,11.0,1.0
SSP5 delta_T=4 C,14,21.0,2047,11.05,1.0
SSP5 delta_T=4 C,14,22.0,2048,11.1,1.0
SSP5 delta_T=4 C,14,23.0,2049,11.15,1.0
SSP5 delta_T=4 C,14,24.0,2050,11.2,1.0
SSP5 delta_T=4 C,14,25.0,2051,11.25,1.0
SSP5 delta_T=4 C,14,26.0,2052,11.3,1.0
SSP5 delta_T=4 C,14,27.0,2053,11.35,1.0
SSP5 delta_T=4 C,14,28.0,2054,11.4,1.0
SSP5 delta_T=4 C,14,29.0,2055,11.45,1.0
SSP5 delta_T=4 C,14,30.0,2056,11.5,1.0
SSP5 delta_T=4 C,14,31.0,2057,11.55,1.0
SSP5 delta_T=4 C,14,32.0,2058,11.6,1.0
SSP5 delta_T=4 C,14,33.0,2059,11.65,1.0
SSP5 delta_T=4 C,14,34.0,2060,11.7,1.0
SSP5 delta_T=4 C,14,35.0,2061,11.75,1.0
SSP5 delta_T=4 C,14,36.0,2062,11.8,1.0
SSP5 delta_T=4 C,14,37.0,2063,11.85,1.0
SSP5 delta_T=4 C,14,38.0,2064,11.9,1.0
SSP5 delta_T=4 C,14,39.0,2065,11.95,1.0
SSP5 delta_T=4 C,14,40.0,2066,12.0,1.0
SSP5 delta_T=4 C,14,41.0,2067,12.05,1.0
SSP5 delta_T=4 C,14,42.0,2068,12.1,1.0
SSP5 delta_T=4 C,14,43.0,2069,12.15,1.0
SSP5 delta_T=4 C,14,44.0,2070,12.2,1.0
SSP5 delta_T=4 C,14,45.0,2071,12.25,1.0
SSP5 delta_T=4 C,14,46.0,2072,12.3,1.0
SSP5 delta_T=4 C,14,47.0,2073,12.35,1.0
SSP5 delta_T=4 C,14,48.0,2074,12.4,1.0
SSP5 delta_T=4 C,14,49.0,2075,12.45,1.0
SSP5 delta_T=4 C,14,50.0,2076,12.5,1.0
SSP5 delta_T=4 C,14,51.0,2077,12.55,1.0
SSP5 delta_T=4 C,14,52.0,2078,12.6,1.0
SSP5 delta_T=4 C,14,53.0,2079,12.65,1.0
SSP5 delta_T=4 C,14,54.0,2080,12.7,1.0
SSP5 delta_T=4 C,14,55.0,2081,12.75,1.0
SSP5 delta_T=4 C,14,56.0,2082,12.8,1.0
SSP5 delta_T=4 C,14,57.0,2083,12.85,1.0
SSP5 delta_T=4 C,14,58.0,2084,12.9,0.9826735229648255
SSP5 delta_T=4 C,14,59.0,2085,12.95,0.9673610507098974
SSP5 delta_T=4 C,14,60.0,2086,13.0,0.9533592707606561
SSP5 delta_T=4 C,14,61.0,2087,13.05,0.9403281374657955
SSP5 delta_T=4 C,14,62.0,2088,13.1,0.9281016875334007
SSP5 delta_T=4 C,14,63.0,2089,13.15,0.916676434396976
SSP5 delta_T=4 C,14,64.0,2090,13.2,0.9063175846697443
SSP5 delta_T=4 C,14,65.0,2091,13.25,0.8974886193931383
SSP5 delta_T=4 C,14,66.0,2092,13.3,0.8900260740318169
SSP5 delta_T=4 C,14,67.0,2093,13.35,0.8831969068080107
SSP5 delta_T=4 C,14,68.0,2094,13.4,0.876577041189374
SSP5 delta_T=4 C,14,69.0,2095,13.45,0.8700306536025298
SSP5 delta_T=4 C,14,70.0,2096,13.5,0.863519919060861
SSP5 delta_T=4 C,14,71.0,2097,13.55,0.8570338786991255
SSP5 delta_T=4 C,14,72.0,2098,13.6,0.8505690615600333
SSP5 delta_T=4 C,14,73.0,2099,13.65,0.8441242886067826
SSP5 delta_T=4 C,14,74.0,2100,13.7,0.8376991606765214
SSP5 delta_T=4 C,15,0.0,2026,10.0,1.0
SSP5 delta_T=4 C,15,1.0,2027,10.05,1.0
SSP5 delta_T=4 C,15,2.0,2028,10.1,1.0
SSP5 delta_T=4 C,15,3.0,2029,10.15,1.0
SSP5 delta_T=4 C,15,4.0,2030,10.2,1.0
SSP5 delta_T=4 C,15,5.0,2031,10.25,1.0
SSP5 delta_T=4 C,15,6.0,2032,10.3,1.0
SSP5 delta_T=4 C,15,7.0,2033,10.35,1.0
SSP5 delta_T=4 C,15,8.0,2034,10.4,1.0
SSP5 delta_T=4 C,15,9.0,2035,10.45,1.0
SSP5 delta_T=4 C,15,10.0,2036,10.5,1.0
SSP5 delta_T=4 C,15,11.0,2037,10.55,1.0
SSP5 delta_T=4 C,15,12.0,2038,10.6,1.0
SSP5 delta_T=4 C,15,13.0,2039,10.65,1.0
SSP5 delta_T=4 C,15,14.0,2040,10.7,1.0
SSP5 delta_T=4 C,15,15.0,2041,10.75,1.0
SSP5 delta_T=4 C,15,16.0,2042,10.8,1.0
SSP5 delta_T=4 C,15,17.0,2043,10.85,1.0
SSP5 delta_T=4 C,15,18.0,2044,10.9,1.0
SSP5 delta_T=4 C,15,19.0,2045,10.95,1.0
SSP5 delta_T=4 C,15,20.0,2046,11.0,1.0
SSP5 delta_T=4 C,15,21.0,2047,11.05,1.0
SSP5 delta_T=4 C,15,22.0,2048,11.1,1.0
SSP5 delta_T=4 C,15,23.0,2049,11.15,1.0
SSP5 delta_T=4 C,15,24.0,2050,11.2,1.0
SSP5 delta_T=4 C,15,25.0,2051,11.25,1.0
SSP5 delta_T=4 C,15,26.0,2052,11.3,1.0
SSP5 delta_T=4 C,15,27.0,2053,11.35,1.0
SSP5 delta_T=4 C,15,28.0,2054,11.4,1.0
SSP5 delta_T=4 C,15,29.0,2055,11.45,1.0
SSP5 delta_T=4 C,15,30.0,2056,11.5,1.0
SSP5 delta_T=4 C,15,31.0,2057,11.55,1.0
SSP5 delta_T=4 C,15,32.0,2058,11.6,1.0
SSP5 delta_T=4 C,15,33.0,2059,11.65,1.0
SSP5 delta_T=4 C,15,34.0,2060,11.7,0.9792124400543027
SSP5 delta_T=4 C,15,35.0,2061,11.75,0.960862544804711
SSP5 delta_T=4 C,15,36.0,2062,11.8,0.9441017259226601
SSP5 delta_T=4 C,15,37.0,2063,11.85,0.9285192926067141
SSP5 delta_T=4 C,15,38.0,2064,11.9,0.913914104888562
SSP5 delta_T=4 C,15,39.0,2065,11.95,0.9002796165872545
SSP5 delta_T=4 C,15,40.0,2066,12.0,0.8879294970367191
SSP5 delta_T=4 C,15,41.0,2067,12.05,0.8774124446692386
SSP5 delta_T=4 C,15,42.0,2068,12.1,0.8685297662042311
SSP5 delta_T=4 C,15,43.0,2069,12.15,0.8604064944869508
SSP5 delta_T=4 C,15,44.0,2070,12.2,0.8525373004527581
SSP5 delta_T=4 C,15,45.0,2071,12.25,0.8447604973793507
SSP5 delta_T=4 C,15,46.0,2072,12.3,0.8370311187154377
SSP5 delta_T=4 C,15,47.0,2073,12.35,0.82933617753386
SSP5 delta_T=4 C,15,48.0,2074,12.4,0.8216715955800749
SSP5 delta_T=4 C,15,49.0,2075,12.45,0.8140360199727636
SSP5 delta_T=4 C,15,50.0,2076,12.5,0.8064290245513333
SSP5 delta_T=4 C,15,51.0,2077,12.55,0.7988505262646938
SSP5 delta_T=4 C,15,52.0,2078,12.6,0.7913005763166208
SSP5 delta_T=4 C,15,53.0,2079,12.65,0.7837792799982032
SSP5 delta_T=4 C,15,54.0,2080,12.7,0.7762867645540347
SSP5 delta_T=4 C,15,55.0,2081,12.75,0.7688231659813087
SSP5 delta_T=4 C,15,56.0,2082,12.8,0.7613886235335786
SSP5 delta_T=4 C,15,57.0,2083,12.85,0.753983277415772
SSP5 delta_T=4 C,15,58.0,2084,12.9,0.7466072678137359
SSP5 delta_T=4 C,15,59.0,2085,12.95,0.7392607344847627
SSP5 delta_T=4 C,15,60.0,2086,13.0,0.7319438165846048
SSP5 delta_T=4 C,15,61.0,2087,13.05,0.7246566525943477
SSP5 delta_T=4 C,15,62.0,2088,13.1,0.7173993802894874
SSP5 delta_T=4 C,15,63.0,2089,13.15,0.7101721367268516
SSP5 delta_T=4 C,15,64.0,2090,13.2,0.7029750582390701
SSP5 delta_T=4 C,15,65.0,2091,13.25,0.6958082804322363
SSP5 delta_T=4 C,15,66.0,2092,13.3,0.6886719381849181
SSP5 delta_T=4 C,15,67.0,2093,13.35,0.6815661656477425
SSP5 delta_T=4 C,15,68.0,2094,13.4,0.6744910962432178
SSP5 delta_T=4 C,15,69.0,2095,13.45,0.6674468626656591
SSP5 delta_T=4 C,15,70.0,2096,13.5,0.6604335968811583
SSP5 delta_T=4 C,15,71.0,2097,13.55,0.6534514301275707
SSP5 delta_T=4 C,15,72.0,2098,13.6,0.6465004929145082
SSP5 delta_T=4 C,15,73.0,2099,13.65,0.6395809150233375
SSP5 delta_T=4 C,15,74.0,2100,13.7,0.6326928255071802
SSP5 delta_T=4 C,16,0.0,2026,10.0,1.0
SSP5 delta_T=4 C,16,1.0,2027,10.05,1.0
SSP5 delta_T=4 C,16,2.0,2028,10.1,1.0
SSP5 delta_T=4 C,16,3.0,2029,10.15,1.0
SSP5 delta_T=4 C,16,4.0,2030,10.2,1.0
SSP5 delta_T=4 C,16,5.0,2031,10.25,1.0
SSP5 delta_T=4 C,16,6.0,2032,10.3,1.0
SSP5 delta_T=4 C,16,7.0,2033,10.35,1.0
SSP5 delta_T=4 C,16,8.0,2034,10.4,1.0
SSP5 delta_T=4 C,16,9.0,2035,10.45,1.0
SSP5 delta_T=4 C,16,10.0,2036,10.5,1.0
SSP5 delta_T=4 C,16,11.0,2037,10.55,1.0
SSP5 delta_T=4 C,16,12.0,2038,10.6,1.0
SSP5 delta_T=4 C,16,13.0,2039,10.65,1.0
SSP5 delta_T=4 C,16,14.0,2040,10.7,1.0
SSP5 delta_T=4 C,16,15.0,2041,10.75,1.0
SSP5 delta_T=4 C,16,16.0,2042,10.8,1.0
SSP5 delta_T=4 C,16,17.0,2043,10.85,1.0
SSP5 delta_T=4 C,16,18.0,2044,10.9,1.0
SSP5 delta_T=4 C,16,19.0,2045,10.95,1.0
SSP5 delta_T=4 C,16,20.0,2046,11.0,0.9770307570257615
SSP5 delta_T=4 C,16,21.0,2047,11.05,0.9567738593962822
SSP5 delta_T=4 C,16,22.0,2048,11.1,0.9382872443484269
SSP5 delta_T=4 C,16,23.0,2049,11.15,0.9211146062120485
SSP5 delta_T=4 C,16,24.0,2050,11.2,0.9050318370946399
SSP5 delta_T=4 C,16,25.0,2051,11.25,0.8900295880196732
SSP5 delta_T=4 C,16,26.0,2052,11.3,0.8764505169986584
SSP5 delta_T=4 C,16,27.0,2053,11.35,0.8648945866524029
SSP5 delta_T=4 C,16,28.0,2054,11.4,0.8551400939208181
SSP5 delta_T=4 C,16,29.0,2055,11.45,0.8462241372585882
SSP5 delta_T=4 C,16,30.0,2056,11.5,0.8375913139240395
SSP5 delta_T=4 C,16,31.0,2057,11.55,0.8290640398107846
SSP5 delta_T=4 C,16,32.0,2058,11.6,0.8205929672920996
SSP5 delta_T=4 C,16,33.0,2059,11.65,0.8121638677781321
SSP5 delta_T=4 C,16,34.0,2060,11.7,0.803772292231453
SSP5 delta_T=4 C,16,35.0,2061,11.75,0.7954167822544967
SSP5 delta_T=4 C,16,36.0,2062,11.8,0.7870968958608876
SSP5 delta_T=4 C,16,37.0,2063,11.85,0.778812567087789
SSP5 delta_T=4 C,16,38.0,2064,11.9,0.7705638769015023
SSP5 delta_T=4 C,16,39.0,2065,11.95,0.7623509652957529
SSP5 delta_T=4 C,16,40.0,2066,12.0,0.7541739960732136
SSP5 delta_T=4 C,16,41.0,2067,12.05,0.7460331423841773
SSP5 delta_T=4 C,16,42.0,2068,12.1,0.7379285807084754
SSP5 delta_T=4 C,16,43.0,2069,12.15,0.7298604883329253
SSP5 delta_T=4 C,16,44.0,2070,12.2,0.7218290422898168
SSP5 delta_T=4 C,16,45.0,2071,12.25,0.7138344189092533
SSP5 delta_T=4 C,16,46.0,2072,12.3,0.7058767936301363
SSP5 delta_T=4 C,16,47.0,2073,12.35,0.6979563409203067
SSP5 delta_T=4 C,16,48.0,2074,12.4,0.6900732342427907
SSP5 delta_T=4 C,16,49.0,2075,12.45,0.682227646041535
SSP5 delta_T=4 C,16,50.0,2076,12.5,0.6744197477353767
SSP5 delta_T=4 C,16,51.0,2077,12.55,0.6666497097154958
SSP5 delta_T=4 C,16,52.0,2078,12.6,0.6589177013443386
SSP5 delta_T=4 C,16,53.0,2079,12.65,0.6512238909551636
SSP5 delta_T=4 C,16,54.0,2080,12.7,0.6435684458518508
SSP5 delta_T=4 C,16,55.0,2081,12.75,0.6359515323088194
SSP5 delta_T=4 C,16,56.0,2082,12.8,0.6283733155709942
SSP5 delta_T=4 C,16,57.0,2083,12.85,0.6208339598537927
SSP5 delta_T=4 C,16,58.0,2084,12.9,0.6133336283431171
SSP5 delta_T=4 C,16,59.0,2085,12.95,0.6058724831953529
SSP5 delta_T=4 C,16,60.0,2086,13.0,0.5984506855373679
SSP5 delta_T=4 C,16,61.0,2087,13.05,0.5910683954665105
SSP5 delta_T=4 C,16,62.0,2088,13.1,0.5837257720506117
SSP5 delta_T=4 C,16,63.0,2089,13.15,0.576422973327983
SSP5 delta_T=4 C,16,64.0,2090,13.2,0.5691601563074171
SSP5 delta_T=4 C,16,65.0,2091,13.25,0.5619374769681884
SSP5 delta_T=4 C,16,66.0,2092,13.3,0.5547550902600522
SSP5 delta_T=4 C,16,67.0,2093,13.35,0.5476131501032451
SSP5 delta_T=4 C,16,68.0,2094,13.4,0.5405118093884853
SSP5 delta_T=4 C,16,69.0,2095,13.45,0.5334512199769714
SSP5 delta_T=4 C,16,70.0,2096,13.5,0.5264315327003843
SSP5 delta_T=4 C,16,71.0,2097,13.55,0.5194528973608854
SSP5 delta_T=4 C,16,72.0,2098,13.6,0.5125154627311173
SSP5 delta_T=4 C,16,73.0,2099,13.65,0.5056193765542039
SSP5 delta_T=4 C,16,74.0,2100,13.7,0.498764785543751
SSP5 delta_T=4 C,17,0.0,2026,10.0,1.0
SSP5 delta_T=4 C,17,1.0,2027,10.05,1.0
SSP5 delta_T=4 C,17,2.0,2028,10.1,1.0
SSP5 delta_T=4 C,17,3.0,2029,10.15,1.0
SSP5 delta_T=4 C,17,4.0,2030,10.2,1.0
SSP5 delta_T=4 C,17,5.0,2031,10.25,1.0
SSP5 delta_T=4 C,17,6.0,2032,10.3,1.0
SSP5 delta_T=4 C,17,7.0,2033,10.35,1.0
SSP5 delta_T=4 C,17,8.0,2034,10.4,1.0
SSP5 delta_T=4 C,17,9.0,2035,10.45,1.0
SSP5 delta_T=4 C,17,10.0,2036,10.5,1.0
SSP5 delta_T=4 C,17,11.0,2037,10.55,1.0
SSP5 delta_T=4 C,17,12.0,2038,10.6,1.0
SSP5 delta_T=4 C,17,13.0,2039,10.65,1.0
SSP5 delta_T=4 C,17,14.0,2040,10.7,1.0
SSP5 delta_T=4 C,17,15.0,2041,10.75,1.0
SSP5 delta_T=4 C,17,16.0,2042,10.8,1.0
SSP5 delta_T=4 C,17,17.0,2043,10.85,1.0
SSP5 delta_T=4 C,17,18.0,2044,10.9,1.0
SSP5 delta_T=4 C,17,19.0,2045,10.95,1.0
SSP5 delta_T=4 C,17,20.0,2046,11.0,1.0
SSP5 delta_T=4 C,17,21.0,2047,11.05,1.0
SSP5 delta_T=4 C,17,22.0,2048,11.1,1.0
SSP5 delta_T=4 C,17,23.0,2049,11.15,1.0
SSP5 delta_T=4 C,17,24.0,2050,11.2,1.0
SSP5 delta_T=4 C,17,25.0,2051,11.25,1.0
SSP5 delta_T=4 C,17,26.0,2052,11.3,1.0
SSP5 delta_T=4 C,17,27.0,2053,11.35,1.0
SSP5 delta_T=4 C,17,28.0,2054,11.4,1.0
SSP5 delta_T=4 C,17,29.0,2055,11.45,1.0
SSP5 delta_T=4 C,17,30.0,2056,11.5,1.0
SSP5 delta_T=4 C,17,31.0,2057,11.55,1.0
SSP5 delta_T=4 C,17,32.0,2058,11.6,1.0
SSP5 delta_T=4 C,17,33.0,2059,11.65,1.0
SSP5 delta_T=4 C,17,34.0,2060,11.7,1.0
SSP5 delta_T=4 C,17,35.0,2061,11.75,1.0
SSP5 delta_T=4 C,17,36.0,2062,11.8,1.0
SSP5 delta_T=4 C,17,37.0,2063,11.85,0.9774520554176377
SSP5 delta_T=4 C,17,38.0,2064,11.9,0.9575722856774287
SSP5 delta_T=4 C,17,39.0,2065,11.95,0.9394341118314143
SSP5 delta_T=4 C,17,40.0,2066,12.0,0.9225885680701074
SSP5 delta_T=4 C,17,41.0,2067,12.05,0.9068149281557377
SSP5 delta_T=4 C,17,42.0,2068,12.1,0.8921033152310622
SSP5 delta_T=4 C,17,43.0,2069,12.15,0.8787890767783488
SSP5 delta_T=4 C,17,44.0,2070,12.2,0.8674597573469305
SSP5 delta_T=4 C,17,45.0,2071,12.25,0.8578973784729202
SSP5 delta_T=4 C,17,46.0,2072,12.3,0.8491576455181632
SSP5 delta_T=4 C,17,47.0,2073,12.35,0.8406959856005356
SSP5 delta_T=4 C,17,48.0,2074,12.4,0.8323382690380272
SSP5 delta_T=4 C,17,49.0,2075,12.45,0.824036085462602
SSP5 delta_T=4 C,17,50.0,2076,12.5,0.815775452061634
SSP5 delta_T=4 C,17,51.0,2077,12.55,0.807551972685947
SSP5 delta_T=4 C,17,52.0,2078,12.6,0.7993641828574891
SSP5 delta_T=4 C,17,53.0,2079,12.65,0.7912116145669379
SSP5 delta_T=4 C,17,54.0,2080,12.7,0.7830941685712193
SSP5 delta_T=4 C,17,55.0,2081,12.75,0.77501188984718
SSP5 delta_T=4 C,17,56.0,2082,12.8,0.766964881439049
SSP5 delta_T=4 C,17,57.0,2083,12.85,0.7589532699424638
SSP5 delta_T=4 C,17,58.0,2084,12.9,0.75097719133228
SSP5 delta_T=4 C,17,59.0,2085,12.95,0.7430367850650815
SSP5 delta_T=4 C,17,60.0,2086,13.0,0.7351321916072796
SSP5 delta_T=4 C,17,61.0,2087,13.05,0.727263551394955
SSP5 delta_T=4 C,17,62.0,2088,13.1,0.7194310043952191
SSP5 delta_T=4 C,17,63.0,2089,13.15,0.7116346899210153
SSP5 delta_T=4 C,17,64.0,2090,13.2,0.7038747465528711
SSP5 delta_T=4 C,17,65.0,2091,13.25,0.6961513121058296
SSP5 delta_T=4 C,17,66.0,2092,13.3,0.6884645236154727
SSP5 delta_T=4 C,17,67.0,2093,13.35,0.6808145173320126
SSP5 delta_T=4 C,17,68.0,2094,13.4,0.673201428717797
SSP5 delta_T=4 C,17,69.0,2095,13.45,0.6656253924462533
SSP5 delta_T=4 C,17,70.0,2096,13.5,0.6580865424014446
SSP5 delta_T=4 C,17,71.0,2097,13.55,0.6505850116778822
SSP5 delta_T=4 C,17,72.0,2098,13.6,0.6431209325804452
SSP5 delta_T=4 C,17,73.0,2099,13.65,0.6356944366243484
SSP5 delta_T=4 C,17,74.0,2100,13.7,0.6283056545351274
SSP5 delta_T=4 C,18,0.0,2026,10.0,1.0
SSP5 delta_T=4 C,18,1.0,2027,10.05,1.0
SSP5 delta_T=4 C,18,2.0,2028,10.1,1.0
SSP5 delta_T=4 C,18,3.0,2029,10.15,1.0
SSP5 delta_T=4 C,18,4.0,2030,10.2,1.0
SSP5 delta_T=4 C,18,5.0,2031,10.25,1.0
SSP5 delta_T=4 C,18,6.0,2032,10.3,1.0
SSP5 delta_T=4 C,18,7.0,2033,10.35,1.0
SSP5 delta_T=4 C,18,8.0,2034,10.4,1.0
SSP5 delta_T=4 C,18,9.0,2035,10.45,1.0
SSP5 delta_T=4 C,18,10.0,2036,10.5,1.0
SSP5 delta_T=4 C,18,11.0,2037,10.55,1.0
SSP5 delta_T=4 C,18,12.0,2038,10.6,1.0
SSP5 delta_T=4 C,18,13.0,2039,10.65,1.0
SSP5 delta_T=4 C,18,14.0,2040,10.7,1.0
SSP5 delta_T=4 C,18,15.0,2041,10.75,1.0
SSP5 delta_T=4 C,18,16.0,2042,10.8,0.9755303258776864
SSP5 delta_T=4 C,18,17.0,2043,10.85,0.9539558619826389
SSP5 delta_T=4 C,18,18.0,2044,10.9,0.9342721505948302
SSP5 delta_T=4 C,18,19.0,2045,10.95,0.9159925983048334
SSP5 delta_T=4 C,18,20.0,2046,11.0,0.8988780704786719
SSP5 delta_T=4 C,18,21.0,2047,11.05,0.8829180394083855
SSP5 delta_T=4 C,18,22.0,2048,11.1,0.8684762256514823
SSP5 delta_T=4 C,18,23.0,2049,11.15,0.8561894306964091
SSP5 delta_T=4 C,18,24.0,2050,11.2,0.8458205303484291
SSP5 delta_T=4 C,18,25.0,2051,11.25,0.8363450994274585
SSP5 delta_T=4 C,18,26.0,2052,11.3,0.827172574705824
SSP5 delta_T=4 C,18,27.0,2053,11.35,0.8181142113610717
SSP5 delta_T=4 C,18,28.0,2054,11.4,0.8091176059214773
SSP5 delta_T=4 C,18,29.0,2055,11.45,0.8001676861968834
SSP5 delta_T=4 C,18,30.0,2056,11.5,0.7912597737135277
SSP5 delta_T=4 C,18,31.0,2057,11.55,0.7823923677291219
SSP5 delta_T=4 C,18,32.0,2058,11.6,0.7735650470807212
SSP5 delta_T=4 C,18,33.0,2059,11.65,0.764777789688687
SSP5 delta_T=4 C,18,34.0,2060,11.7,0.756030729150638
SSP5 delta_T=4 C,18,35.0,2061,11.75,0.7473240613650759
SSP5 delta_T=4 C,18,36.0,2062,11.8,0.7386580071269794
SSP5 delta_T=4 C,18,37.0,2063,11.85,0.7300327967722599
SSP5 delta_T=4 C,18,38.0,2064,11.9,0.7214486637890462
SSP5 delta_T=4 C,18,39.0,2065,11.95,0.7129058421404271
SSP5 delta_T=4 C,18,40.0,2066,12.0,0.7044045651381257
SSP5 delta_T=4 C,18,41.0,2067,12.05,0.6959450649676293
SSP5 delta_T=4 C,18,42.0,2068,12.1,0.6875275724877445
SSP5 delta_T=4 C,18,43.0,2069,12.15,0.6791523171459256
SSP5 delta_T=4 C,18,44.0,2070,12.2,0.6708195269425044
SSP5 delta_T=4 C,18,45.0,2071,12.25,0.6625294284155722
SSP5 delta_T=4 C,18,46.0,2072,12.3,0.654282246634594
SSP5 delta_T=4 C,18,47.0,2073,12.35,0.6460782051977092
SSP5 delta_T=4 C,18,48.0,2074,12.4,0.6379175262305951
SSP5 delta_T=4 C,18,49.0,2075,12.45,0.6298004303859827
SSP5 delta_T=4 C,18,50.0,2076,12.5,0.6217271368434573
SSP5 delta_T=4 C,18,51.0,2077,12.55,0.6136978633093705
SSP5 delta_T=4 C,18,52.0,2078,12.6,0.6057128260168058
SSP5 delta_T=4 C,18,53.0,2079,12.65,0.5977722397255631
SSP5 delta_T=4 C,18,54.0,2080,12.7,0.5898763177221519
SSP5 delta_T=4 C,18,55.0,2081,12.75,0.5820252718197891
SSP5 delta_T=4 C,18,56.0,2082,12.8,0.5742193123583977
SSP5 delta_T=4 C,18,57.0,2083,12.85,0.5664586482046063
SSP5 delta_T=4 C,18,58.0,2084,12.9,0.5587434867517493
SSP5 delta_T=4 C,18,59.0,2085,12.95,0.5510740339198661
SSP5 delta_T=4 C,18,60.0,2086,13.0,0.5434504941557016
SSP5 delta_T=4 C,18,61.0,2087,13.05,0.5358730704327058
SSP5 delta_T=4 C,18,62.0,2088,13.1,0.5283419642510349
SSP5 delta_T=4 C,18,63.0,2089,13.15,0.5208573756375494
SSP5 delta_T=4 C,18,64.0,2090,13.2,0.5134195031458156
SSP5 delta_T=4 C,18,65.0,2091,13.25,0.5060285438561055
SSP5 delta_T=4 C,18,66.0,2092,13.3,0.4986846933753957
SSP5 delta_T=4 C,18,67.0,2093,13.35,0.49138814583736873
SSP5 delta_T=4 C,18,68.0,2094,13.4,0.48413909390241233
SSP5 delta_T=4 C,18,69.0,2095,13.45,0.47693772875761914
SSP5 delta_T=4 C,18,70.0,2096,13.5,0.4697842401167877
SSP5 delta_T=4 C,18,71.0,2097,13.55,0.4626788162204218
SSP5 delta_T=4 C,18,72.0,2098,13.6,0.4556216438357302
SSP5 delta_T=4 C,18,73.0,2099,13.65,0.4486129082566273
SSP5 delta_T=4 C,18,74.0,2100,13.7,0.44165279330373297
SSP5 delta_T=4 C,19,0.0,2026,10.0,1.0
SSP5 delta_T=4 C,19,1.0,2027,10.05,1.0
SSP5 delta_T=4 C,19,2.0,2028,10.1,1.0
SSP5 delta_T=4 C,19,3.0,2029,10.15,1.0
SSP5 delta_T=4 C,19,4.0,2030,10.2,1.0
SSP5 delta_T=4 C,19,5.0,2031,10.25,1.0
SSP5 delta_T=4 C,19,6.0,2032,10.3,1.0
SSP5 delta_T=4 C,19,7.0,2033,10.35,1.0
SSP5 delta_T=4 C,19,8.0,2034,10.4,1.0
SSP5 delta_T=4 C,19,9.0,2035,10.45,1.0
SSP5 delta_T=4 C,19,10.0,2036,10.5,1.0
SSP5 delta_T=4 C,19,11.0,2037,10.55,1.0
SSP5 delta_T=4 C,19,12.0,2038,10.6,1.0
SSP5 delta_T=4 C,19,13.0,2039,10.65,1.0
SSP5 delta_T=4 C,19,14.0,2040,10.7,1.0
SSP5 delta_T=4 C,19,15.0,2041,10.75,1.0
SSP5 delta_T=4 C,19,16.0,2042,10.8,1.0
SSP5 delta_T=4 C,19,17.0,2043,10.85,1.0
SSP5 delta_T=4 C,19,18.0,2044,10.9,1.0
SSP5 delta_T=4 C,19,19.0,2045,10.95,1.0
SSP5 delta_T=4 C,19,20.0,2046,11.0,1.0
SSP5 delta_T=4 C,19,21.0,2047,11.05,1.0
SSP5 delta_T=4 C,19,22.0,2048,11.1,1.0
SSP5 delta_T=4 C,19,23.0,2049,11.15,1.0
SSP5 delta_T=4 C,19,24.0,2050,11.2,1.0
SSP5 delta_T=4 C,19,25.0,2051,11.25,1.0
SSP5 delta_T=4 C,19,26.0,2052,11.3,1.0
SSP5 delta_T=4 C,19,27.0,2053,11.35,1.0
SSP5 delta_T=4 C,19,28.0,2054,11.4,1.0
SSP5 delta_T=4 C,19,29.0,2055,11.45,1.0
SSP5 delta_T=4 C,19,30.0,2056,11.5,1.0
SSP5 delta_T=4 C,19,31.0,2057,11.55,1.0
SSP5 delta_T=4 C,19,32.0,2058,11.6,1.0
SSP5 delta_T=4 C,19,33.0,2059,11.65,1.0
SSP5 delta_T=4 C,19,34.0,2060,11.7,1.0
SSP5 delta_T=4 C,19,35.0,2061,11.75,0.9721745063766374
SSP5 delta_T=4 C,19,36.0,2062,11.8,0.9477009789757131
SSP5 delta_T=4 C,19,37.0,2063,11.85,0.9254218273975937
SSP5 delta_T=4 C,19,38.0,2064,11.9,0.9047749498070338
SSP5 delta_T=4 C,19,39.0,2065,11.95,0.8854820185673601
SSP5 delta_T=4 C,19,40.0,2066,12.0,0.8675241502827123
SSP5 delta_T=4 C,19,41.0,2067,12.05,0.8513028867591953
SSP5 delta_T=4 C,19,42.0,2068,12.1,0.8375236401917225
SSP5 delta_T=4 C,19,43.0,2069,12.15,0.8259107817990844
SSP5 delta_T=4 C,19,44.0,2070,12.2,0.8153111403838071
SSP5 delta_T=4 C,19,45.0,2071,12.25,0.805061874809949
SSP5 delta_T=4 C,19,46.0,2072,12.3,0.7949514077481276
SSP5 delta_T=4 C,19,47.0,2073,12.35,0.7849210260185859
SSP5 delta_T=4 C,19,48.0,2074,12.4,0.7749538284782062
SSP5 delta_T=4 C,19,49.0,2075,12.45,0.7650445456371155
SSP5 delta_T=4 C,19,50.0,2076,12.5,0.7551914615416065
SSP5 delta_T=4 C,19,51.0,2077,12.55,0.7453940665622584
SSP5 delta_T=4 C,19,52.0,2078,12.6,0.7356522966473926
SSP5 delta_T=4 C,19,53.0,2079,12.65,0.7259662614254493
SSP5 delta_T=4 C,19,54.0,2080,12.7,0.7163361399919196
SSP5 delta_T=4 C,19,55.0,2081,12.75,0.7067621392051165
SSP5 delta_T=4 C,19,56.0,2082,12.8,0.6972444765833272
SSP5 delta_T=4 C,19,57.0,2083,12.85,0.6877833731968253
SSP5 delta_T=4 C,19,58.0,2084,12.9,0.6783790506924916
SSP5 delta_T=4 C,19,59.0,2085,12.95,0.6690317300434762
SSP5 delta_T=4 C,19,60.0,2086,13.0,0.6597416310226413
SSP5 delta_T=4 C,19,61.0,2087,13.05,0.6505089719805499
SSP5 delta_T=4 C,19,62.0,2088,13.1,0.6413339697518008
SSP5 delta_T=4 C,19,63.0,2089,13.15,0.6322168396154975
SSP5 delta_T=4 C,19,64.0,2090,13.2,0.623157795278565
SSP5 delta_T=4 C,19,65.0,2091,13.25,0.6141570488687085
SSP5 delta_T=4 C,19,66.0,2092,13.3,0.6052148109314429
SSP5 delta_T=4 C,19,67.0,2093,13.35,0.5963312904288415
SSP5 delta_T=4 C,19,68.0,2094,13.4,0.5875066947390056
SSP5 delta_T=4 C,19,69.0,2095,13.45,0.5787412296558441
SSP5 delta_T=4 C,19,70.0,2096,13.5,0.5700350993889787
SSP5 delta_T=4 C,19,71.0,2097,13.55,0.5613885065637048
SSP5 delta_T=4 C,19,72.0,2098,13.6,0.5528016522209753
SSP5 delta_T=4 C,19,73.0,2099,13.65,0.5442747358173939
SSP5 delta_T=4 C,19,74.0,2100,13.7,0.5358079552252113
SSP5 delta_T=4 C,20,0.0,2026,10.0,1.0
SSP5 delta_T=4 C,20,1.0,2027,10.05,1.0
SSP5 delta_T=4 C,20,2.0,2028,10.1,1.0
SSP5 delta_T=4 C,20,3.0,2029,10.15,1.0
SSP5 delta_T=4 C,20,4.0,2030,10.2,1.0
SSP5 delta_T=4 C,20,5.0,2031,10.25,1.0
SSP5 delta_T=4 C,20,6.0,2032,10.3,1.0
SSP5 delta_T=4 C,20,7.0,2033,10.35,1.0
SSP5 delta_T=4 C,20,8.0,2034,10.4,1.0
SSP5 delta_T=4 C,20,9.0,2035,10.45,1.0
SSP5 delta_T=4 C,20,10.0,2036,10.5,1.0
SSP5 delta_T=4 C,20,11.0,2037,10.55,1.0
SSP5 delta_T=4 C,20,12.0,2038,10.6,1.0
SSP5 delta_T=4 C,20,13.0,2039,10.65,1.0
SSP5 delta_T=4 C,20,14.0,2040,10.7,1.0
SSP5 delta_T=4 C,20,15.0,2041,10.75,1.0
SSP5 delta_T=4 C,20,16.0,2042,10.8,1.0
SSP5 delta_T=4 C,20,17.0,2043,10.85,1.0
SSP5 delta_T=4 C,20,18.0,2044,10.9,1.0
SSP5 delta_T=4 C,20,19.0,2045,10.95,1.0
SSP5 delta_T=4 C,20,20.0,2046,11.0,1.0
SSP5 delta_T=4 C,20,21.0,2047,11.05,1.0
SSP5 delta_T=4 C,20,22.0,2048,11.1,1.0
SSP5 delta_T=4 C,20,23.0,2049,11.15,1.0
SSP5 delta_T=4 C,20,24.0,2050,11.2,1.0
SSP5 delta_T=4 C,20,25.0,2051,11.25,1.0
SSP5 delta_T=4 C,20,26.0,2052,11.3,1.0
SSP5 delta_T=4 C,20,27.0,2053,11.35,1.0
SSP5 delta_T=4 C,20,28.0,2054,11.4,1.0
SSP5 delta_T=4 C,20,29.0,2055,11.45,1.0
SSP5 delta_T=4 C,20,30.0,2056,11.5,1.0
SSP5 delta_T=4 C,20,31.0,2057,11.55,1.0
SSP5 delta_T=4 C,20,32.0,2058,11.6,1.0
SSP5 delta_T=4 C,20,33.0,2059,11.65,1.0
SSP5 delta_T=4 C,20,34.0,2060,11.7,1.0
SSP5 delta_T=4 C,20,35.0,2061,11.75,1.0
SSP5 delta_T=4 C,20,36.0,2062,11.8,1.0
SSP5 delta_T=4 C,20,37.0,2063,11.85,1.0
SSP5 delta_T=4 C,20,38.0,2064,11.9,1.0
SSP5 delta_T=4 C,20,39.0,2065,11.95,1.0
SSP5 delta_T=4 C,20,40.0,2066,12.0,1.0
SSP5 delta_T=4 C,20,41.0,2067,12.05,1.0
SSP5 delta_T=4 C,20,42.0,2068,12.1,1.0
SSP5 delta_T=4 C,20,43.0,2069,12.15,1.0
SSP5 delta_T=4 C,20,44.0,2070,12.2,1.0
SSP5 delta_T=4 C,20,45.0,2071,12.25,0.9749643424702761
SSP5 delta_T=4 C,20,46.0,2072,12.3,0.952881915047032
SSP5 delta_T=4 C,20,47.0,2073,12.35,0.9327279723017902
SSP5 delta_T=4 C,20,48.0,2074,12.4,0.914006354959973
SSP5 delta_T=4 C,20,49.0,2075,12.45,0.8964735890838033
SSP5 delta_T=4 C,20,50.0,2076,12.5,0.8801200335429519
SSP5 delta_T=4 C,20,51.0,2077,12.55,0.8653194467613379
SSP5 delta_T=4 C,20,52.0,2078,12.6,0.8527255648373574
SSP5 delta_T=4 C,20,53.0,2079,12.65,0.8420962877690614
SSP5 delta_T=4 C,20,54.0,2080,12.7,0.8323820067000316
SSP5 delta_T=4 C,20,55.0,2081,12.75,0.822977498573646
SSP5 delta_T=4 C,20,56.0,2082,12.8,0.8136893520124302
SSP5 delta_T=4 C,20,57.0,2083,12.85,0.8044639082998872
SSP5 delta_T=4 C,20,58.0,2084,12.9,0.7952857770908549
SSP5 delta_T=4 C,20,59.0,2085,12.95,0.7861502230607759
SSP5 delta_T=4 C,20,60.0,2086,13.0,0.7770557683964383
SSP5 delta_T=4 C,20,61.0,2087,13.05,0.7680020417431213
SSP5 delta_T=4 C,20,62.0,2088,13.1,0.7589890805132783
SSP5 delta_T=4 C,20,63.0,2089,13.15,0.7500170813154833
SSP5 delta_T=4 C,20,64.0,2090,13.2,0.7410863042071805
SSP5 delta_T=4 C,20,65.0,2091,13.25,0.732197034338218
SSP5 delta_T=4 C,20,66.0,2092,13.3,0.7233495662035385
SSP5 delta_T=4 C,20,67.0,2093,13.35,0.714544197091111
SSP5 delta_T=4 C,20,68.0,2094,13.4,0.7057812243360878
SSP5 delta_T=4 C,20,69.0,2095,13.45,0.6970609441655724
SSP5 delta_T=4 C,20,70.0,2096,13.5,0.6883836512115465
SSP5 delta_T=4 C,20,71.0,2097,13.55,0.6797496383052649
SSP5 delta_T=4 C,20,72.0,2098,13.6,0.6711591963904061
SSP5 delta_T=4 C,20,73.0,2099,13.65,0.6626126144863765
SSP5 delta_T=4 C,20,74.0,2100,13.7,0.6541101796728057
SSP5 delta_T=4 C,21,0.0,2026,10.0,1.0
SSP5 delta_T=4 C,21,1.0,2027,10.05,1.0
SSP5 delta_T=4 C,21,2.0,2028,10.1,1.0
SSP5 delta_T=4 C,21,3.0,2029,10.15,1.0
SSP5 delta_T=4 C,21,4.0,2030,10.2,1.0
SSP5 delta_T=4 C,21,5.0,2031,10.25,1.0
SSP5 delta_T=4 C,21,6.0,2032,10.3,1.0
SSP5 delta_T=4 C,21,7.0,2033,10.35,1.0
SSP5 delta_T=4 C,21,8.0,2034,10.4,1.0
SSP5 delta_T=4 C,21,9.0,2035,10.45,1.0
SSP5 delta_T=4 C,21,10.0,2036,10.5,1.0
SSP5 delta_T=4 C,21,11.0,2037,10.55,1.0
SSP5 delta_T=4 C,21,12.0,2038,10.6,1.0
SSP5 delta_T=4 C,21,13.0,2039,10.65,1.0
SSP5 delta_T=4 C,21,14.0,2040,10.7,1.0
SSP5 delta_T=4 C,21,15.0,2041,10.75,1.0
SSP5 delta_T=4 C,21,16.0,2042,10.8,1.0
SSP5 delta_T=4 C,21,17.0,2043,10.85,1.0
SSP5 delta_T=4 C,21,18.0,2044,10.9,1.0
SSP5 delta_T=4 C,21,19.0,2045,10.95,1.0
SSP5 delta_T=4 C,21,20.0,2046,11.0,1.0
SSP5 delta_T=4 C,21,21.0,2047,11.05,1.0
SSP5 delta_T=4 C,21,22.0,2048,11.1,1.0
SSP5 delta_T=4 C,21,23.0,2049,11.15,1.0
SSP5 delta_T=4 C,21,24.0,2050,11.2,1.0
SSP5 delta_T=4 C,21,25.0,2051,11.25,1.0
SSP5 delta_T=4 C,21,26.0,2052,11.3,1.0
SSP5 delta_T=4 C,21,27.0,2053,11.35,1.0
SSP5 delta_T=4 C,21,28.0,2054,11.4,1.0
SSP5 delta_T=4 C,21,29.0,2055,11.45,1.0
SSP5 delta_T=4 C,21,30.0,2056,11.5,1.0
SSP5 delta_T=4 C,21,31.0,2057,11.55,1.0
SSP5 delta_T=4 C,21,32.0,2058,11.6,1.0
SSP5 delta_T=4 C,21,33.0,2059,11.65,1.0
SSP5 delta_T=4 C,21,34.0,2060,11.7,1.0
SSP5 delta_T=4 C,21,35.0,2061,11.75,1.0
SSP5 delta_T=4 C,21,36.0,2062,11.8,1.0
SSP5 delta_T=4 C,21,37.0,2063,11.85,1.0
SSP5 delta_T=4 C,21,38.0,2064,11.9,1.0
SSP5 delta_T=4 C,21,39.0,2065,11.95,1.0
SSP5 delta_T=4 C,21,40.0,2066,12.0,1.0
SSP5 delta_T=4 C,21,41.0,2067,12.05,1.0
SSP5 delta_T=4 C,21,42.0,2068,12.1,1.0
SSP5 delta_T=4 C,21,43.0,2069,12.15,1.0
SSP5 delta_T=4 C,21,44.0,2070,12.2,1.0
SSP5 delta_T=4 C,21,45.0,2071,12.25,1.0
SSP5 delta_T=4 C,21,46.0,2072,12.3,1.0
SSP5 delta_T=4 C,21,47.0,2073,12.35,1.0
SSP5 delta_T=4 C,21,48.0,2074,12.4,1.0
SSP5 delta_T=4 C,21,49.0,2075,12.45,1.0
SSP5 delta_T=4 C,21,50.0,2076,12.5,1.0
SSP5 delta_T=4 C,21,51.0,2077,12.55,1.0
SSP5 delta_T=4 C,21,52.0,2078,12.6,1.0
SSP5 delta_T=4 C,21,53.0,2079,12.65,1.0
SSP5 delta_T=4 C,21,54.0,2080,12.7,1.0
SSP5 delta_T=4 C,21,55.0,2081,12.75,1.0
SSP5 delta_T=4 C,21,56.0,2082,12.8,1.0
SSP5 delta_T=4 C,21,57.0,2083,12.85,1.0
SSP5 delta_T=4 C,21,58.0,2084,12.9,1.0
SSP5 delta_T=4 C,21,59.0,2085,12.95,1.0
SSP5 delta_T=4 C,21,60.0,2086,13.0,1.0
SSP5 delta_T=4 C,21,61.0,2087,13.05,1.0
SSP5 delta_T=4 C,21,62.0,2088,13.1,1.0
SSP5 delta_T=4 C,21,63.0,2089,13.15,1.0
SSP5 delta_T=4 C,21,64.0,2090,13.2,1.0
SSP5 delta_T=4 C,21,65.0,2091,13.25,1.0
SSP5 delta_T=4 C,21,66.0,2092,13.3,0.9794076574746994
SSP5 delta_T=4 C,21,67.0,2093,13.35,0.9612303251001486
SSP5 delta_T=4 C,21,68.0,2094,13.4,0.9446272411495448
SSP5 delta_T=4 C,21,69.0,2095,13.45,0.9291914890732507
SSP5 delta_T=4 C,21,70.0,2096,13.5,0.9147237625052489
SSP5 delta_T=4 C,21,71.0,2097,13.55,0.9012175369866274
SSP5 delta_T=4 C,21,72.0,2098,13.6,0.8889835111087082
SSP5 delta_T=4 C,21,73.0,2099,13.65,0.8785652321732175
SSP5 delta_T=4 C,21,74.0,2100,13.7,0.8697658984362464
SSP5 delta_T=4 C,22,0.0,2026,10.0,1.0
SSP5 delta_T=4 C,22,1.0,2027,10.05,1.0
SSP5 delta_T=4 C,22,2.0,2028,10.1,1.0
SSP5 delta_T=4 C,22,3.0,2029,10.15,1.0
SSP5 delta_T=4 C,22,4.0,2030,10.2,1.0
SSP5 delta_T=4 C,22,5.0,2031,10.25,1.0
SSP5 delta_T=4 C,22,6.0,2032,10.3,1.0
SSP5 delta_T=4 C,22,7.0,2033,10.35,1.0
SSP5 delta_T=4 C,22,8.0,2034,10.4,1.0
SSP5 delta_T=4 C,22,9.0,2035,10.45,1.0
SSP5 delta_T=4 C,22,10.0,2036,10.5,1.0
SSP5 delta_T=4 C,22,11.0,2037,10.55,1.0
SSP5 delta_T=4 C,22,12.0,2038,10.6,1.0
SSP5 delta_T=4 C,22,13.0,2039,10.65,1.0
SSP5 delta_T=4 C,22,14.0,2040,10.7,1.0
SSP5 delta_T=4 C,22,15.0,2041,10.75,1.0
SSP5 delta_T=4 C,22,16.0,2042,10.8,1.0
SSP5 delta_T=4 C,22,17.0,2043,10.85,1.0
SSP5 delta_T=4 C,22,18.0,2044,10.9,1.0
SSP5 delta_T=4 C,22,19.0,2045,10.95,1.0
SSP5 delta_T=4 C,22,20.0,2046,11.0,1.0
SSP5 delta_T=4 C,22,21.0,2047,11.05,1.0
SSP5 delta_T=4 C,22,22.0,2048,11.1,1.0
SSP5 delta_T=4 C,22,23.0,2049,11.15,1.0
SSP5 delta_T=4 C,22,24.0,2050,11.2,1.0
SSP5 delta_T=4 C,22,25.0,2051,11.25,1.0
SSP5 delta_T=4 C,22,26.0,2052,11.3,1.0
SSP5 delta_T=4 C,22,27.0,2053,11.35,1.0
SSP5 delta_T=4 C,22,28.0,2054,11.4,1.0
SSP5 delta_T=4 C,22,29.0,2055,11.45,1.0
SSP5 delta_T=4 C,22,30.0,2056,11.5,1.0
SSP5 delta_T=4 C,22,31.0,2057,11.55,1.0
SSP5 delta_T=4 C,22,32.0,2058,11.6,1.0
SSP5 delta_T=4 C,22,33.0,2059,11.65,1.0
SSP5 delta_T=4 C,22,34.0,2060,11.7,1.0
SSP5 delta_T=4 C,22,35.0,2061,11.75,1.0
SSP5 delta_T=4 C,22,36.0,2062,11.8,1.0
SSP5 delta_T=4 C,22,37.0,2063,11.85,1.0
SSP5 delta_T=4 C,22,38.0,2064,11.9,1.0
SSP5 delta_T=4 C,22,39.0,2065,11.95,1.0
SSP5 delta_T=4 C,22,40.0,2066,12.0,1.0
SSP5 delta_T=4 C,22,41.0,2067,12.05,0.9615299423675661
SSP5 delta_T=4 C,22,42.0,2068,12.1,0.9277169058983262
SSP5 delta_T=4 C,22,43.0,2069,12.15,0.8969664870664044
SSP5 delta_T=4 C,22,44.0,2070,12.2,0.8685050861544804
SSP5 delta_T=4 C,22,45.0,2071,12.25,0.8419497078791013
SSP5 delta_T=4 C,22,46.0,2072,12.3,0.8172732761015731
SSP5 delta_T=4 C,22,47.0,2073,12.35,0.795022914531825
SSP5 delta_T=4 C,22,48.0,2074,12.4,0.776155663250232
SSP5 delta_T=4 C,22,49.0,2075,12.45,0.7602810351471263
SSP5 delta_T=4 C,22,50.0,2076,12.5,0.7458141862306226
SSP5 delta_T=4 C,22,51.0,2077,12.55,0.7318476241637045
SSP5 delta_T=4 C,22,52.0,2078,12.6,0.7180928395381427
SSP5 delta_T=4 C,22,53.0,2079,12.65,0.7044705762469922
SSP5 delta_T=4 C,22,54.0,2080,12.7,0.6909587316080753
SSP5 delta_T=4 C,22,55.0,2081,12.75,0.6775510773134519
SSP5 delta_T=4 C,22,56.0,2082,12.8,0.6642462220851245
SSP5 delta_T=4 C,22,57.0,2083,12.85,0.6510444074980068
SSP5 delta_T=4 C,22,58.0,2084,12.9,0.6379464704460024
SSP5 delta_T=4 C,22,59.0,2085,12.95,0.6249534727224878
SSP5 delta_T=4 C,22,60.0,2086,13.0,0.6120665592317331
SSP5 delta_T=4 C,22,61.0,2087,13.05,0.5992869013336398
SSP5 delta_T=4 C,22,62.0,2088,13.1,0.5866156736486915
SSP5 delta_T=4 C,22,63.0,2089,13.15,0.5740540444356652
SSP5 delta_T=4 C,22,64.0,2090,13.2,0.5616031715716351
SSP5 delta_T=4 C,22,65.0,2091,13.25,0.5492642008661429
SSP5 delta_T=4 C,22,66.0,2092,13.3,0.5370382653527856
SSP5 delta_T=4 C,22,67.0,2093,13.35,0.5249264849912103
SSP5 delta_T=4 C,22,68.0,2094,13.4,0.5129299665416842
SSP5 delta_T=4 C,22,69.0,2095,13.45,0.5010498035122914
SSP5 delta_T=4 C,22,70.0,2096,13.5,0.48928707613670713
SSP5 delta_T=4 C,22,71.0,2097,13.55,0.4776428513648399
SSP5 delta_T=4 C,22,72.0,2098,13.6,0.466118182858898
SSP5 delta_T=4 C,22,73.0,2099,13.65,0.4547141109917333
SSP5 delta_T=4 C,22,74.0,2100,13.7,0.44343166284614627
SSP5 delta_T=4 C,23,0.0,2026,10.0,1.0
SSP5 delta_T=4 C,23,1.0,2027,10.05,1.0
SSP5 delta_T=4 C,23,2.0,2028,10.1,1.0
SSP5 delta_T=4 C,23,3.0,2029,10.15,1.0
SSP5 delta_T=4 C,23,4.0,2030,10.2,1.0
SSP5 delta_T=4 C,23,5.0,2031,10.25,1.0
SSP5 delta_T=4 C,23,6.0,2032,10.3,1.0
SSP5 delta_T=4 C,23,7.0,2033,10.35,1.0
SSP5 delta_T=4 C,23,8.0,2034,10.4,1.0
SSP5 delta_T=4 C,23,9.0,2035,10.45,1.0
SSP5 delta_T=4 C,23,10.0,2036,10.5,1.0
SSP5 delta_T=4 C,23,11.0,2037,10.55,1.0
SSP5 delta_T=4 C,23,12.0,2038,10.6,1.0
SSP5 delta_T=4 C,23,13.0,2039,10.65,1.0
SSP5 delta_T=4 C,23,14.0,2040,10.7,1.0
SSP5 delta_T=4 C,23,15.0,2041,10.75,1.0
SSP5 delta_T=4 C,23,16.0,2042,10.8,1.0
SSP5 delta_T=4 C,23,17.0,2043,10.85,1.0
SSP5 delta_T=4 C,23,18.0,2044,10.9,1.0
SSP5 delta_T=4 C,23,19.0,2045,10.95,1.0
SSP5 delta_T=4 C,23,20.0,2046,11.0,1.0
SSP5 delta_T=4 C,23,21.0,2047,11.05,1.0
SSP5 delta_T=4 C,23,22.0,2048,11.1,1.0
SSP5 delta_T=4 C,23,23.0,2049,11.15,1.0
SSP5 delta_T=4 C,23,24.0,2050,11.2,1.0
SSP5 delta_T=4 C,23,25.0,2051,11.25,1.0
SSP5 delta_T=4 C,23,26.0,2052,11.3,1.0
SSP5 delta_T=4 C,23,27.0,2053,11.35,1.0
SSP5 delta_T=4 C,23,28.0,2054,11.4,1.0
SSP5 delta_T=4 C,23,29.0,2055,11.45,1.0
SSP5 delta_T=4 C,23,30.0,2056,11.5,1.0
SSP5 delta_T=4 C,23,31.0,2057,11.55,1.0
SSP5 delta_T=4 C,23,32.0,2058,11.6,1.0
SSP5 delta_T=4 C,23,33.0,2059,11.65,1.0
SSP5 delta_T=4 C,23,34.0,2060,11.7,1.0
SSP5 delta_T=4 C,23,35.0,2061,11.75,1.0
SSP5 delta_T=4 C,23,36.0,2062,11.8,1.0
SSP5 delta_T=4 C,23,37.0,2063,11.85,1.0
SSP5 delta_T=4 C,23,38.0,2064,11.9,1.0
SSP5 delta_T=4 C,23,39.0,2065,11.95,1.0
SSP5 delta_T=4 C,23,40.0,2066,12.0,1.0
SSP5 delta_T=4 C,23,41.0,2067,12.05,1.0
SSP5 delta_T=4 C,23,42.0,2068,12.1,1.0
SSP5 delta_T=4 C,23,43.0,2069,12.15,1.0
SSP5 delta_T=4 C,23,44.0,2070,12.2,1.0
SSP5 delta_T=4 C,23,45.0,2071,12.25,0.9688003972389941
SSP5 delta_T=4 C,23,46.0,2072,12.3,0.9413882543760177
SSP5 delta_T=4 C,23,47.0,2073,12.35,0.9164595910516292
SSP5 delta_T=4 C,23,48.0,2074,12.4,0.8933807262874582
SSP5 delta_T=4 C,23,49.0,2075,12.45,0.8718369991856579
SSP5 delta_T=4 C,23,50.0,2076,12.5,0.8518040868519634
SSP5 delta_T=4 C,23,51.0,2077,12.55,0.8337259400465872
SSP5 delta_T=4 C,23,52.0,2078,12.6,0.8183830393464739
SSP5 delta_T=4 C,23,53.0,2079,12.65,0.8054625414841885
SSP5 delta_T=4 C,23,54.0,2080,12.7,0.7936777709111499
SSP5 delta_T=4 C,23,55.0,2081,12.75,0.7822904412749547
SSP5 delta_T=4 C,23,56.0,2082,12.8,0.7710651581350577
SSP5 delta_T=4 C,23,57.0,2083,12.85,0.7599367143737951
SSP5 delta_T=4 C,23,58.0,2084,12.9,0.748886423921274
SSP5 delta_T=4 C,23,59.0,2085,12.95,0.7379085351812514
SSP5 delta_T=4 C,23,60.0,2086,13.0,0.7270012455481468
SSP5 delta_T=4 C,23,61.0,2087,13.05,0.7161640916259603
SSP5 delta_T=4 C,23,62.0,2088,13.1,0.7053971037359145
SSP5 delta_T=4 C,23,63.0,2089,13.15,0.6947005038753387
SSP5 delta_T=4 C,23,64.0,2090,13.2,0.6840745900160298
SSP5 delta_T=4 C,23,65.0,2091,13.25,0.6735196898315947
SSP5 delta_T=4 C,23,66.0,2092,13.3,0.6630361417339861
SSP5 delta_T=4 C,23,67.0,2093,13.35,0.6526242869978882
SSP5 delta_T=4 C,23,68.0,2094,13.4,0.642284466466474
SSP5 delta_T=4 C,23,69.0,2095,13.45,0.6320170191681354
SSP5 delta_T=4 C,23,70.0,2096,13.5,0.6218222817344073
SSP5 delta_T=4 C,23,71.0,2097,13.55,0.611700588154753
SSP5 delta_T=4 C,23,72.0,2098,13.6,0.6016522696731873
SSP5 delta_T=4 C,23,73.0,2099,13.65,0.5916776547446911
SSP5 delta_T=4 C,23,74.0,2100,13.7,0.5817770690168311
SSP5 delta_T=4 C,24,0.0,2026,10.0,1.0
SSP5 delta_T=4 C,24,1.0,2027,10.05,1.0
SSP5 delta_T=4 C,24,2.0,2028,10.1,1.0
SSP5 delta_T=4 C,24,3.0,2029,10.15,1.0
SSP5 delta_T=4 C,24,4.0,2030,10.2,1.0
SSP5 delta_T=4 C,24,5.0,2031,10.25,1.0
SSP5 delta_T=4 C,24,6.0,2032,10.3,1.0
SSP5 delta_T=4 C,24,7.0,2033,10.35,1.0
SSP5 delta_T=4 C,24,8.0,2034,10.4,1.0
SSP5 delta_T=4 C,24,9.0,2035,10.45,1.0
SSP5 delta_T=4 C,24,10.0,2036,10.5,1.0
SSP5 delta_T=4 C,24,11.0,2037,10.55,1.0
SSP5 delta_T=4 C,24,12.0,2038,10.6,1.0
SSP5 delta_T=4 C,24,13.0,2039,10.65,1.0
SSP5 delta_T=4 C,24,14.0,2040,10.7,1.0
SSP5 delta_T=4 C,24,15.0,2041,10.75,1.0
SSP5 delta_T=4 C,24,16.0,2042,10.8,1.0
SSP5 delta_T=4 C,24,17.0,2043,10.85,1.0
SSP5 delta_T=4 C,24,18.0,2044,10.9,1.0
SSP5 delta_T=4 C,24,19.0,2045,10.95,1.0
SSP5 delta_T=4 C,24,20.0,2046,11.0,1.0
SSP5 delta_T=4 C,24,21.0,2047,11.05,1.0
SSP5 delta_T=4 C,24,22.0,2048,11.1,1.0
SSP5 delta_T=4 C,24,23.0,2049,11.15,1.0
SSP5 delta_T=4 C,24,24.0,2050,11.2,1.0
SSP5 delta_T=4 C,24,25.0,2051,11.25,1.0
SSP5 delta_T=4 C,24,26.0,2052,11.3,1.0
SSP5 delta_T=4 C,24,27.0,2053,11.35,1.0
SSP5 delta_T=4 C,24,28.0,2054,11.4,1.0
SSP5 delta_T=4 C,24,29.0,2055,11.45,0.9653643481741313
SSP5 delta_T=4 C,24,30.0,2056,11.5,0.9349402595526779
SSP5 delta_T=4 C,24,31.0,2057,11.55,0.9072815489456997
SSP5 delta_T=4 C,24,32.0,2058,11.6,0.8816855785037276
SSP5 delta_T=4 C,24,33.0,2059,11.65,0.8578034343903564
SSP5 delta_T=4 C,24,34.0,2060,11.7,0.8356077609958413
SSP5 delta_T=4 C,24,35.0,2061,11.75,0.8155890700282276
SSP5 delta_T=4 C,24,36.0,2062,11.8,0.7986086156995461
SSP5 delta_T=4 C,24,37.0,2063,11.85,0.7843164734555715
SSP5 delta_T=4 C,24,38.0,2064,11.9,0.7712869869296448
SSP5 delta_T=4 C,24,39.0,2065,11.95,0.7587030935873238
SSP5 delta_T=4 C,24,40.0,2066,12.0,0.7463046019491968
SSP5 delta_T=4 C,24,41.0,2067,12.05,0.734019656456899
SSP5 delta_T=4 C,24,42.0,2068,12.1,0.7218278607108959
SSP5 delta_T=4 C,24,43.0,2069,12.15,0.7097231189591588
SSP5 delta_T=4 C,24,44.0,2070,12.2,0.6977036982142196
SSP5 delta_T=4 C,24,45.0,2071,12.25,0.6857693426596224
SSP5 delta_T=4 C,24,46.0,2072,12.3,0.6739203390713336
SSP5 delta_T=4 C,24,47.0,2073,12.35,0.6621571830648704
SSP5 delta_T=4 C,24,48.0,2074,12.4,0.6504804512979774
SSP5 delta_T=4 C,24,49.0,2075,12.45,0.6388907503845658
SSP5 delta_T=4 C,24,50.0,2076,12.5,0.6273886959695709
SSP5 delta_T=4 C,24,51.0,2077,12.55,0.6159749040435696
SSP5 delta_T=4 C,24,52.0,2078,12.6,0.6046499873120174
SSP5 delta_T=4 C,24,53.0,2079,12.65,0.5934145536716473
SSP5 delta_T=4 C,24,54.0,2080,12.7,0.582269205569777
SSP5 delta_T=4 C,24,55.0,2081,12.75,0.5712145397345828
SSP5 delta_T=4 C,24,56.0,2082,12.8,0.5602511470614814
SSP5 delta_T=4 C,24,57.0,2083,12.85,0.5493796125652591
SSP5 delta_T=4 C,24,58.0,2084,12.9,0.5386005153598996
SSP5 delta_T=4 C,24,59.0,2085,12.95,0.5279144286500872
SSP5 delta_T=4 C,24,60.0,2086,13.0,0.517321919727628
SSP5 delta_T=4 C,24,61.0,2087,13.05,0.5068235499699433
SSP5 delta_T=4 C,24,62.0,2088,13.1,0.4964198748394363
SSP5 delta_T=4 C,24,63.0,2089,13.15,0.486111443883225
SSP5 delta_T=4 C,24,64.0,2090,13.2,0.4758988007330311
SSP5 delta_T=4 C,24,65.0,2091,13.25,0.4657824831051324
SSP5 delta_T=4 C,24,66.0,2092,13.3,0.4557630228003429
SSP5 delta_T=4 C,24,67.0,2093,13.35,0.44584094570400573
SSP5 delta_T=4 C,24,68.0,2094,13.4,0.43601677178598836
SSP5 delta_T=4 C,24,69.0,2095,13.45,0.42629101510068246
SSP5 delta_T=4 C,24,70.0,2096,13.5,0.4166641837870017
SSP5 delta_T=4 C,24,71.0,2097,13.55,0.40713678006838333
SSP5 delta_T=4 C,24,72.0,2098,13.6,0.39770930025278645
SSP5 delta_T=4 C,24,73.0,2099,13.65,0.3883822347326931
SSP5 delta_T=4 C,24,74.0,2100,13.7,0.3791560679851077
SSP5 delta_T=4 C,25,0.0,2026,10.0,1.0
SSP5 delta_T=4 C,25,1.0,2027,10.05,1.0
SSP5 delta_T=4 C,25,2.0,2028,10.1,1.0
SSP5 delta_T=4 C,25,3.0,2029,10.15,1.0
SSP5 delta_T=4 C,25,4.0,2030,10.2,1.0
SSP5 delta_T=4 C,25,5.0,2031,10.25,1.0
SSP5 delta_T=4 C,25,6.0,2032,10.3,1.0
SSP5 delta_T=4 C,25,7.0,2033,10.35,1.0
SSP5 delta_T=4 C,25,8.0,2034,10.4,1.0
SSP5 delta_T=4 C,25,9.0,2035,10.45,1.0
SSP5 delta_T=4 C,25,10.0,2036,10.5,1.0
SSP5 delta_T=4 C,25,11.0,2037,10.55,1.0
SSP5 delta_T=4 C,25,12.0,2038,10.6,1.0
SSP5 delta_T=4 C,25,13.0,2039,10.65,1.0
SSP5 delta_T=4 C,25,14.0,2040,10.7,1.0
SSP5 delta_T=4 C,25,15.0,2041,10.75,1.0
SSP5 delta_T=4 C,25,16.0,2042,10.8,1.0
SSP5 delta_T=4 C,25,17.0,2043,10.85,1.0
SSP5 delta_T=4 C,25,18.0,2044,10.9,1.0
SSP5 delta_T=4 C,25,19.0,2045,10.95,1.0
SSP5 delta_T=4 C,25,20.0,2046,11.0,1.0
SSP5 delta_T=4 C,25,21.0,2047,11.05,1.0
SSP5 delta_T=4 C,25,22.0,2048,11.1,1.0
SSP5 delta_T=4 C,25,23.0,2049,11.15,1.0
SSP5 delta_T=4 C,25,24.0,2050,11.2,1.0
SSP5 delta_T=4 C,25,25.0,2051,11.25,1.0
SSP5 delta_T=4 C,25,26.0,2052,11.3,1.0
SSP5 delta_T=4 C,25,27.0,2053,11.35,1.0
SSP5 delta_T=4 C,25,28.0,2054,11.4,1.0
SSP5 delta_T=4 C,25,29.0,2055,11.45,1.0
SSP5 delta_T=4 C,25,30.0,2056,11.5,1.0
SSP5 delta_T=4 C,25,31.0,2057,11.55,1.0
SSP5 delta_T=4 C,25,32.0,2058,11.6,1.0
SSP5 delta_T=4 C,25,33.0,2059,11.65,1.0
SSP5 delta_T=4 C,25,34.0,2060,11.7,1.0
SSP5 delta_T=4 C,25,35.0,2061,11.75,1.0
SSP5 delta_T=4 C,25,36.0,2062,11.8,1.0
SSP5 delta_T=4 C,25,37.0,2063,11.85,1.0
SSP5 delta_T=4 C,25,38.0,2064,11.9,1.0
SSP5 delta_T=4 C,25,39.0,2065,11.95,1.0
SSP5 delta_T=4 C,25,40.0,2066,12.0,1.0
SSP5 delta_T=4 C,25,41.0,2067,12.05,1.0
SSP5 delta_T=4 C,25,42.0,2068,12.1,1.0
SSP5 delta_T=4 C,25,43.0,2069,12.15,1.0
SSP5 delta_T=4 C,25,44.0,2070,12.2,1.0
SSP5 delta_T=4 C,25,45.0,2071,12.25,1.0
SSP5 delta_T=4 C,25,46.0,2072,12.3,1.0
SSP5 delta_T=4 C,25,47.0,2073,12.35,1.0
SSP5 delta_T=4 C,25,48.0,2074,12.4,1.0
SSP5 delta_T=4 C,25,49.0,2075,12.45,1.0
SSP5 delta_T=4 C,25,50.0,2076,12.5,1.0
SSP5 delta_T=4 C,25,51.0,2077,12.55,1.0
SSP5 delta_T=4 C,25,52.0,2078,12.6,1.0
SSP5 delta_T=4 C,25,53.0,2079,12.65,1.0
SSP5 delta_T=4 C,25,54.0,2080,12.7,1.0
SSP5 delta_T=4 C,25,55.0,2081,12.75,1.0
SSP5 delta_T=4 C,25,56.0,2082,12.8,1.0
SSP5 delta_T=4 C,25,57.0,2083,12.85,1.0
SSP5 delta_T=4 C,25,58.0,2084,12.9,1.0
SSP5 delta_T=4 C,25,59.0,2085,12.95,1.0
SSP5 delta_T=4 C,25,60.0,2086,13.0,1.0
SSP5 delta_T=4 C,25,61.0,2087,13.05,1.0
SSP5 delta_T=4 C,25,62.0,2088,13.1,1.0
SSP5 delta_T=4 C,25,63.0,2089,13.15,1.0
SSP5 delta_T=4 C,25,64.0,2090,13.2,1.0
SSP5 delta_T=4 C,25,65.0,2091,13.25,1.0
SSP5 delta_T=4 C,25,66.0,2092,13.3,1.0
SSP5 delta_T=4 C,25,67.0,2093,13.35,1.0
SSP5 delta_T=4 C,25,68.0,2094,13.4,0.9648986914730621
SSP5 delta_T=4 C,25,69.0,2095,13.45,0.9340679427357148
SSP5 delta_T=4 C,25,70.0,2096,13.5,0.9060419255625809
SSP5 delta_T=4 C,25,71.0,2097,13.55,0.8801084446772982
SSP5 delta_T=4 C,25,72.0,2098,13.6,0.8559137877077057
SSP5 delta_T=4 C,25,73.0,2099,13.65,0.8334300138723477
SSP5 delta_T=4 C,25,74.0,2100,13.7,0.8131536309824791
SSP5 delta_T=4 C,26,0.0,2026,10.0,1.0
SSP5 delta_T=4 C,26,1.0,2027,10.05,1.0
SSP5 delta_T=4 C,26,2.0,2028,10.1,1.0
SSP5 delta_T=4 C,26,3.0,2029,10.15,1.0
SSP5 delta_T=4 C,26,4.0,2030,10.2,1.0
SSP5 delta_T=4 C,26,5.0,2031,10.25,1.0
SSP5 delta_T=4 C,26,6.0,2032,10.3,1.0
SSP5 delta_T=4 C,26,7.0,2033,10.35,1.0
SSP5 delta_T=4 C,26,8.0,2034,10.4,1.0
SSP5 delta_T=4 C,26,9.0,2035,10.45,1.0
SSP5 delta_T=4 C,26,10.0,2036,10.5,1.0
SSP5 delta_T=4 C,26,11.0,2037,10.55,1.0
SSP5 delta_T=4 C,26,12.0,2038,10.6,1.0
SSP5 delta_T=4 C,26,13.0,2039,10.65,1.0
SSP5 delta_T=4 C,26,14.0,2040,10.7,1.0
SSP5 delta_T=4 C,26,15.0,2041,10.75,1.0
SSP5 delta_T=4 C,26,16.0,2042,10.8,1.0
SSP5 delta_T=4 C,26,17.0,2043,10.85,1.0
SSP5 delta_T=4 C,26,18.0,2044,10.9,1.0
SSP5 delta_T=4 C,26,19.0,2045,10.95,1.0
SSP5 delta_T=4 C,26,20.0,2046,11.0,1.0
SSP5 delta_T=4 C,26,21.0,2047,11.05,1.0
SSP5 delta_T=4 C,26,22.0,2048,11.1,1.0
SSP5 delta_T=4 C,26,23.0,2049,11.15,1.0
SSP5 delta_T=4 C,26,24.0,2050,11.2,1.0
SSP5 delta_T=4 C,26,25.0,2051,11.25,1.0
SSP5 delta_T=4 C,26,26.0,2052,11.3,1.0
SSP5 delta_T=4 C,26,27.0,2053,11.35,1.0
SSP5 delta_T=4 C,26,28.0,2054,11.4,1.0
SSP5 delta_T=4 C,26,29.0,2055,11.45,1.0
SSP5 delta_T=4 C,26,30.0,2056,11.5,1.0
SSP5 delta_T=4 C,26,31.0,2057,11.55,1.0
SSP5 delta_T=4 C,26,32.0,2058,11.6,1.0
SSP5 delta_T=4 C,26,33.0,2059,11.65,1.0
SSP5 delta_T=4 C,26,34.0,2060,11.7,1.0
SSP5 delta_T=4 C,26,35.0,2061,11.75,1.0
SSP5 delta_T=4 C,26,36.0,2062,11.8,1.0
SSP5 delta_T=4 C,26,37.0,2063,11.85,1.0
SSP5 delta_T=4 C,26,38.0,2064,11.9,1.0
SSP5 delta_T=4 C,26,39.0,2065,11.95,1.0
SSP5 delta_T=4 C,26,40.0,2066,12.0,1.0
SSP5 delta_T=4 C,26,41.0,2067,12.05,1.0
SSP5 delta_T=4 C,26,42.0,2068,12.1,1.0
SSP5 delta_T=4 C,26,43.0,2069,12.15,1.0
SSP5 delta_T=4 C,26,44.0,2070,12.2,1.0
SSP5 delta_T=4 C,26,45.0,2071,12.25,1.0
SSP5 delta_T=4 C,26,46.0,2072,12.3,1.0
SSP5 delta_T=4 C,26,47.0,2073,12.35,0.980717543375844
SSP5 delta_T=4 C,26,48.0,2074,12.4,0.9636880015100824
SSP5 delta_T=4 C,26,49.0,2075,12.45,0.9481260431061574
SSP5 delta_T=4 C,26,50.0,2076,12.5,0.9336517443944876
SSP5 delta_T=4 C,26,51.0,2077,12.55,0.9200792991309119
SSP5 delta_T=4 C,26,52.0,2078,12.6,0.9074035437736218
SSP5 delta_T=4 C,26,53.0,2079,12.65,0.8959171914907591
SSP5 delta_T=4 C,26,54.0,2080,12.7,0.8861320919968081
SSP5 delta_T=4 C,26,55.0,2081,12.75,0.8778649542987053
SSP5 delta_T=4 C,26,56.0,2082,12.8,0.8703024066364577
SSP5 delta_T=4 C,26,57.0,2083,12.85,0.8629743542937072
SSP5 delta_T=4 C,26,58.0,2084,12.9,0.8557303187162922
SSP5 delta_T=4 C,26,59.0,2085,12.95,0.8485284243670179
SSP5 delta_T=4 C,26,60.0,2086,13.0,0.8413565589254609
SSP5 delta_T=4 C,26,61.0,2087,13.05,0.8342109030938023
SSP5 delta_T=4 C,26,62.0,2088,13.1,0.8270901751874842
SSP5 delta_T=4 C,26,63.0,2089,13.15,0.8199939566701441
SSP5 delta_T=4 C,26,64.0,2090,13.2,0.8129221487455419
SSP5 delta_T=4 C,26,65.0,2091,13.25,0.8058747778526022
SSP5 delta_T=4 C,26,66.0,2092,13.3,0.79885192098918
SSP5 delta_T=4 C,26,67.0,2093,13.35,0.791853675771877
SSP5 delta_T=4 C,26,68.0,2094,13.4,0.784880148133007
SSP5 delta_T=4 C,26,69.0,2095,13.45,0.7779314471967453
SSP5 delta_T=4 C,26,70.0,2096,13.5,0.7710076831296925
SSP5 delta_T=4 C,26,71.0,2097,13.55,0.7641089662356375
SSP5 delta_T=4 C,26,72.0,2098,13.6,0.7572354065734868
SSP5 delta_T=4 C,26,73.0,2099,13.65,0.7503871137958037
SSP5 delta_T=4 C,26,74.0,2100,13.7,0.7435641970805358
SSP5 delta_T=4 C,27,0.0,2026,10.0,1.0
SSP5 delta_T=4 C,27,1.0,2027,10.05,1.0
SSP5 delta_T=4 C,27,2.0,2028,10.1,1.0
SSP5 delta_T=4 C,27,3.0,2029,10.15,1.0
SSP5 delta_T=4 C,27,4.0,2030,10.2,1.0
SSP5 delta_T=4 C,27,5.0,2031,10.25,1.0
SSP5 delta_T=4 C,27,6.0,2032,10.3,1.0
SSP5 delta_T=4 C,27,7.0,2033,10.35,1.0
SSP5 delta_T=4 C,27,8.0,2034,10.4,1.0
SSP5 delta_T=4 C,27,9.0,2035,10.45,1.0
SSP5 delta_T=4 C,27,10.0,2036,10.5,1.0
SSP5 delta_T=4 C,27,11.0,2037,10.55,1.0
SSP5 delta_T=4 C,27,12.0,2038,10.6,1.0
SSP5 delta_T=4 C,27,13.0,2039,10.65,1.0
SSP5 delta_T=4 C,27,14.0,2040,10.7,1.0
SSP5 delta_T=4 C,27,15.0,2041,10.75,1.0
SSP5 delta_T=4 C,27,16.0,2042,10.8,1.0
SSP5 delta_T=4 C,27,17.0,2043,10.85,1.0
SSP5 delta_T=4 C,27,18.0,2044,10.9,1.0
SSP5 delta_T=4 C,27,19.0,2045,10.95,1.0
SSP5 delta_T=4 C,27,20.0,2046,11.0,1.0
SSP5 delta_T=4 C,27,21.0,2047,11.05,1.0
SSP5 delta_T=4 C,27,22.0,2048,11.1,1.0
SSP5 delta_T=4 C,27,23.0,2049,11.15,0.978705336309533
SSP5 delta_T=4 C,27,24.0,2050,11.2,0.9599149521846538
SSP5 delta_T=4 C,27,25.0,2051,11.25,0.9427577235983542
SSP5 delta_T=4 C,27,26.0,2052,11.3,0.9268118942682324
SSP5 delta_T=4 C,27,27.0,2053,11.35,0.9118706539598884
SSP5 delta_T=4 C,27,28.0,2054,11.4,0.8979264701813787
SSP5 delta_T=4 C,27,29.0,2055,11.45,0.8852992179947219
SSP5 delta_T=4 C,27,30.0,2056,11.5,0.8745487327574453
SSP5 delta_T=4 C,27,31.0,2057,11.55,0.865470753259922
SSP5 delta_T=4 C,27,32.0,2058,11.6,0.8571703773569229
SSP5 delta_T=4 C,27,33.0,2059,11.65,0.8491309954002559
SSP5 delta_T=4 C,27,34.0,2060,11.7,0.8411873436180177
SSP5 delta_T=4 C,27,35.0,2061,11.75,0.8332934645202547
SSP5 delta_T=4 C,27,36.0,2062,11.8,0.8254360836217121
SSP5 delta_T=4 C,27,37.0,2063,11.85,0.8176110299066984
SSP5 delta_T=4 C,27,38.0,2064,11.9,0.8098169170051444
SSP5 delta_T=4 C,27,39.0,2065,11.95,0.8020533053106746
SSP5 delta_T=4 C,27,40.0,2066,12.0,0.7943201057035074
SSP5 delta_T=4 C,27,41.0,2067,12.05,0.786617366188563
SSP5 delta_T=4 C,27,42.0,2068,12.1,0.7789451900089751
SSP5 delta_T=4 C,27,43.0,2069,12.15,0.7713037028281723
SSP5 delta_T=4 C,27,44.0,2070,12.2,0.7636930392500749
SSP5 delta_T=4 C,27,45.0,2071,12.25,0.756113337207646
SSP5 delta_T=4 C,27,46.0,2072,12.3,0.7485647356099873
SSP5 delta_T=4 C,27,47.0,2073,12.35,0.7410473733518739
SSP5 delta_T=4 C,27,48.0,2074,12.4,0.7335613888959109
SSP5 delta_T=4 C,27,49.0,2075,12.45,0.7261069200960407
SSP5 delta_T=4 C,27,50.0,2076,12.5,0.7186841041229465
SSP5 delta_T=4 C,27,51.0,2077,12.55,0.7112930774325156
SSP5 delta_T=4 C,27,52.0,2078,12.6,0.7039339757525009
SSP5 delta_T=4 C,27,53.0,2079,12.65,0.6966069340768838
SSP5 delta_T=4 C,27,54.0,2080,12.7,0.6893120866634899
SSP5 delta_T=4 C,27,55.0,2081,12.75,0.6820495670329825
SSP5 delta_T=4 C,27,56.0,2082,12.8,0.6748195079684366
SSP5 delta_T=4 C,27,57.0,2083,12.85,0.6676220415151597
SSP5 delta_T=4 C,27,58.0,2084,12.9,0.6604572989806167
SSP5 delta_T=4 C,27,59.0,2085,12.95,0.6533254109343964
SSP5 delta_T=4 C,27,60.0,2086,13.0,0.6462265072082003
SSP5 delta_T=4 C,27,61.0,2087,13.05,0.6391607168958348
SSP5 delta_T=4 C,27,62.0,2088,13.1,0.6321281683532101
SSP5 delta_T=4 C,27,63.0,2089,13.15,0.6251289891983388
SSP5 delta_T=4 C,27,64.0,2090,13.2,0.6181633063113359
SSP5 delta_T=4 C,27,65.0,2091,13.25,0.6112312458344183
SSP5 delta_T=4 C,27,66.0,2092,13.3,0.6043329331719041
SSP5 delta_T=4 C,27,67.0,2093,13.35,0.5974684929902138
SSP5 delta_T=4 C,27,68.0,2094,13.4,0.5906380492178691
SSP5 delta_T=4 C,27,69.0,2095,13.45,0.5838417250454945
SSP5 delta_T=4 C,27,70.0,2096,13.5,0.5770796429258155
SSP5 delta_T=4 C,27,71.0,2097,13.55,0.5703519245736592
SSP5 delta_T=4 C,27,72.0,2098,13.6,0.5636586909659552
SSP5 delta_T=4 C,27,73.0,2099,13.65,0.5570000623417343
SSP5 delta_T=4 C,27,74.0,2100,13.7,0.550376158202129
SSP5 delta_T=4 C,28,0.0,2026,10.0,1.0
SSP5 delta_T=4 C,28,1.0,2027,10.05,1.0
SSP5 delta_T=4 C,28,2.0,2028,10.1,1.0
SSP5 delta_T=4 C,28,3.0,2029,10.15,1.0
SSP5 delta_T=4 C,28,4.0,2030,10.2,1.0
SSP5 delta_T=4 C,28,5.0,2031,10.25,1.0
SSP5 delta_T=4 C,28,6.0,2032,10.3,1.0
SSP5 delta_T=4 C,28,7.0,2033,10.35,1.0
SSP5 delta_T=4 C,28,8.0,2034,10.4,1.0
SSP5 delta_T=4 C,28,9.0,2035,10.45,1.0
SSP5 delta_T=4 C,28,10.0,2036,10.5,1.0
SSP5 delta_T=4 C,28,11.0,2037,10.55,1.0
SSP5 delta_T=4 C,28,12.0,2038,10.6,1.0
SSP5 delta_T=4 C,28,13.0,2039,10.65,1.0
SSP5 delta_T=4 C,28,14.0,2040,10.7,1.0
SSP5 delta_T=4 C,28,15.0,2041,10.75,1.0
SSP5 delta_T=4 C,28,16.0,2042,10.8,1.0
SSP5 delta_T=4 C,28,17.0,2043,10.85,1.0
SSP5 delta_T=4 C,28,18.0,2044,10.9,1.0
SSP5 delta_T=4 C,28,19.0,2045,10.95,1.0
SSP5 delta_T=4 C,28,20.0,2046,11.0,1.0
SSP5 delta_T=4 C,28,21.0,2047,11.05,0.9763827956317616
SSP5 delta_T=4 C,28,22.0,2048,11.1,0.9555472371587492
SSP5 delta_T=4 C,28,23.0,2049,11.15,0.9365271016677775
SSP5 delta_T=4 C,28,24.0,2050,11.2,0.9188545971087273
SSP5 delta_T=4 C,28,25.0,2051,11.25,0.9023002699489001
SSP5 delta_T=4 C,28,26.0,2052,11.3,0.8868554254026736
SSP5 delta_T=4 C,28,27.0,2053,11.35,0.8728736872878466
SSP5 delta_T=4 C,28,28.0,2054,11.4,0.8609736836869138
SSP5 delta_T=4 C,28,29.0,2055,11.45,0.8509278428638025
SSP5 delta_T=4 C,28,30.0,2056,11.5,0.8417449166647745
SSP5 delta_T=4 C,28,31.0,2057,11.55,0.8328530476974572
SSP5 delta_T=4 C,28,32.0,2058,11.6,0.8240694098765791
SSP5 delta_T=4 C,28,33.0,2059,11.65,0.8153432346574445
SSP5 delta_T=4 C,28,34.0,2060,11.7,0.8066599212165884
SSP5 delta_T=4 C,28,35.0,2061,11.75,0.7980149405815423
SSP5 delta_T=4 C,28,36.0,2062,11.8,0.7894068437017235
SSP5 delta_T=4 C,28,37.0,2063,11.85,0.7808352280938657
SSP5 delta_T=4 C,28,38.0,2064,11.9,0.772300078247727
SSP5 delta_T=4 C,28,39.0,2065,11.95,0.7638015296501993
SSP5 delta_T=4 C,28,40.0,2066,12.0,0.7553397782390758
SSP5 delta_T=4 C,28,41.0,2067,12.05,0.7469150441234106
SSP5 delta_T=4 C,28,42.0,2068,12.1,0.7385275566858313
SSP5 delta_T=4 C,28,43.0,2069,12.15,0.7301775483826423
SSP5 delta_T=4 C,28,44.0,2070,12.2,0.7218652521449753
SSP5 delta_T=4 C,28,45.0,2071,12.25,0.7135909002851427
SSP5 delta_T=4 C,28,46.0,2072,12.3,0.7053547240354155
SSP5 delta_T=4 C,28,47.0,2073,12.35,0.6971569533532815
SSP5 delta_T=4 C,28,48.0,2074,12.4,0.6889978168391637
SSP5 delta_T=4 C,28,49.0,2075,12.45,0.680877541701643
SSP5 delta_T=4 C,28,50.0,2076,12.5,0.6727963537427615
SSP5 delta_T=4 C,28,51.0,2077,12.55,0.6647544773518094
SSP5 delta_T=4 C,28,52.0,2078,12.6,0.6567521355027001
SSP5 delta_T=4 C,28,53.0,2079,12.65,0.6487895497528609
SSP5 delta_T=4 C,28,54.0,2080,12.7,0.6408669402427668
SSP5 delta_T=4 C,28,55.0,2081,12.75,0.6329845256957409
SSP5 delta_T=4 C,28,56.0,2082,12.8,0.6251425234178725
SSP5 delta_T=4 C,28,57.0,2083,12.85,0.6173411492979816
SSP5 delta_T=4 C,28,58.0,2084,12.9,0.6095806178076045
SSP5 delta_T=4 C,28,59.0,2085,12.95,0.6018611420009872
SSP5 delta_T=4 C,28,60.0,2086,13.0,0.594182933515083
SSP5 delta_T=4 C,28,61.0,2087,13.05,0.5865462025695514
SSP5 delta_T=4 C,28,62.0,2088,13.1,0.5789511579667574
SSP5 delta_T=4 C,28,63.0,2089,13.15,0.5713980070917722
SSP5 delta_T=4 C,28,64.0,2090,13.2,0.5638869559123719
SSP5 delta_T=4 C,28,65.0,2091,13.25,0.5564182089790382
SSP5 delta_T=4 C,28,66.0,2092,13.3,0.548991969424958
SSP5 delta_T=4 C,28,67.0,2093,13.35,0.5416084389660241
SSP5 delta_T=4 C,28,68.0,2094,13.4,0.534267817900834
SSP5 delta_T=4 C,28,69.0,2095,13.45,0.5269703051106914
SSP5 delta_T=4 C,28,70.0,2096,13.5,0.5197160980596051
SSP5 delta_T=4 C,28,71.0,2097,13.55,0.5125053927942887
SSP5 delta_T=4 C,28,72.0,2098,13.6,0.5053383839441622
SSP5 delta_T=4 C,28,73.0,2099,13.65,0.4982152647213506
SSP5 delta_T=4 C,28,74.0,2100,13.7,0.491136226920684
SSP5 delta_T=4 C,29,0.0,2026,10.0,1.0
SSP5 delta_T=4 C,29,1.0,2027,10.05,1.0
SSP5 delta_T=4 C,29,2.0,2028,10.1,1.0
SSP5 delta_T=4 C,29,3.0,2029,10.15,1.0
SSP5 delta_T=4 C,29,4.0,2030,10.2,1.0
SSP5 delta_T=4 C,29,5.0,2031,10.25,1.0
SSP5 delta_T=4 C,29,6.0,2032,10.3,1.0
SSP5 delta_T=4 C,29,7.0,2033,10.35,1.0
SSP5 delta_T=4 C,29,8.0,2034,10.4,1.0
SSP5 delta_T=4 C,29,9.0,2035,10.45,1.0
SSP5 delta_T=4 C,29,10.0,2036,10.5,1.0
SSP5 delta_T=4 C,29,11.0,2037,10.55,1.0
SSP5 delta_T=4 C,29,12.0,2038,10.6,1.0
SSP5 delta_T=4 C,29,13.0,2039,10.65,1.0
SSP5 delta_T=4 C,29,14.0,2040,10.7,1.0
SSP5 delta_T=4 C,29,15.0,2041,10.75,1.0
SSP5 delta_T=4 C,29,16.0,2042,10.8,1.0
SSP5 delta_T=4 C,29,17.0,2043,10.85,1.0
SSP5 delta_T=4 C,29,18.0,2044,10.9,1.0
SSP5 delta_T=4 C,29,19.0,2045,10.95,1.0
SSP5 delta_T=4 C,29,20.0,2046,11.0,1.0
SSP5 delta_T=4 C,29,21.0,2047,11.05,1.0
SSP5 delta_T=4 C,29,22.0,2048,11.1,1.0
SSP5 delta_T=4 C,29,23.0,2049,11.15,1.0
SSP5 delta_T=4 C,29,24.0,2050,11.2,1.0
SSP5 delta_T=4 C,29,25.0,2051,11.25,1.0
SSP5 delta_T=4 C,29,26.0,2052,11.3,1.0
SSP5 delta_T=4 C,29,27.0,2053,11.35,1.0
SSP5 delta_T=4 C,29,28.0,2054,11.4,1.0
SSP5 delta_T=4 C,29,29.0,2055,11.45,1.0
SSP5 delta_T=4 C,29,30.0,2056,11.5,1.0
SSP5 delta_T=4 C,29,31.0,2057,11.55,1.0
SSP5 delta_T=4 C,29,32.0,2058,11.6,1.0
SSP5 delta_T=4 C,29,33.0,2059,11.65,1.0
SSP5 delta_T=4 C,29,34.0,2060,11.7,1.0
SSP5 delta_T=4 C,29,35.0,2061,11.75,1.0
SSP5 delta_T=4 C,29,36.0,2062,11.8,1.0
SSP5 delta_T=4 C,29,37.0,2063,11.85,1.0
SSP5 delta_T=4 C,29,38.0,2064,11.9,1.0
SSP5 delta_T=4 C,29,39.0,2065,11.95,1.0
SSP5 delta_T=4 C,29,40.0,2066,12.0,1.0
SSP5 delta_T=4 C,29,41.0,2067,12.05,1.0
SSP5 delta_T=4 C,29,42.0,2068,12.1,1.0
SSP5 delta_T=4 C,29,43.0,2069,12.15,1.0
SSP5 delta_T=4 C,29,44.0,2070,12.2,1.0
SSP5 delta_T=4 C,29,45.0,2071,12.25,1.0
SSP5 delta_T=4 C,29,46.0,2072,12.3,1.0
SSP5 delta_T=4 C,29,47.0,2073,12.35,1.0
SSP5 delta_T=4 C,29,48.0,2074,12.4,1.0
SSP5 delta_T=4 C,29,49.0,2075,12.45,1.0
SSP5 delta_T=4 C,29,50.0,2076,12.5,1.0
SSP5 delta_T=4 C,29,51.0,2077,12.55,1.0
SSP5 delta_T=4 C,29,52.0,2078,12.6,1.0
SSP5 delta_T=4 C,29,53.0,2079,12.65,0.9697687867591639
SSP5 delta_T=4 C,29,54.0,2080,12.7,0.9431092832733686
SSP5 delta_T=4 C,29,55.0,2081,12.75,0.9187868618640193
SSP5 delta_T=4 C,29,56.0,2082,12.8,0.8962040273768671
SSP5 delta_T=4 C,29,57.0,2083,12.85,0.8750677001626447
SSP5 delta_T=4 C,29,58.0,2084,12.9,0.8553661956606234
SSP5 delta_T=4 C,29,59.0,2085,12.95,0.837548494494462
SSP5 delta_T=4 C,29,60.0,2086,13.0,0.8223982949047136
SSP5 delta_T=4 C,29,61.0,2087,13.05,0.8096201467620343
SSP5 delta_T=4 C,29,62.0,2088,13.1,0.7979495036545663
SSP5 delta_T=4 C,29,63.0,2089,13.15,0.7866583616088606
SSP5 delta_T=4 C,29,64.0,2090,13.2,0.7755144783373255
SSP5 delta_T=4 C,29,65.0,2091,13.25,0.7644537137101205
SSP5 delta_T=4 C,29,66.0,2092,13.3,0.7534579318786853
SSP5 delta_T=4 C,29,67.0,2093,13.35,0.7425217978082004
SSP5 delta_T=4 C,29,68.0,2094,13.4,0.7316438859823265
SSP5 delta_T=4 C,29,69.0,2095,13.45,0.7208240959384942
SSP5 delta_T=4 C,29,70.0,2096,13.5,0.7100628143179627
SSP5 delta_T=4 C,29,71.0,2097,13.55,0.6993606152571272
SSP5 delta_T=4 C,29,72.0,2098,13.6,0.6887181455054477
SSP5 delta_T=4 C,29,73.0,2099,13.65,0.6781360784323044
SSP5 delta_T=4 C,29,74.0,2100,13.7,0.6676150951575847
SSP5 delta_T=4 C,30,0.0,2026,10.0,1.0
SSP5 delta_T=4 C,30,1.0,2027,10.05,1.0
SSP5 delta_T=4 C,30,2.0,2028,10.1,1.0
SSP5 delta_T=4 C,30,3.0,2029,10.15,1.0
SSP5 delta_T=4 C,30,4.0,2030,10.2,1.0
SSP5 delta_T=4 C,30,5.0,2031,10.25,1.0
SSP5 delta_T=4 C,30,6.0,2032,10.3,1.0
SSP5 delta_T=4 C,30,7.0,2033,10.35,1.0
SSP5 delta_T=4 C,30,8.0,2034,10.4,1.0
SSP5 delta_T=4 C,30,9.0,2035,10.45,1.0
SSP5 delta_T=4 C,30,10.0,2036,10.5,1.0
SSP5 delta_T=4 C,30,11.0,2037,10.55,1.0
SSP5 delta_T=4 C,30,12.0,2038,10.6,1.0
SSP5 delta_T=4 C,30,13.0,2039,10.65,1.0
SSP5 delta_T=4 C,30,14.0,2040,10.7,1.0
SSP5 delta_T=4 C,30,15.0,2041,10.75,1.0
SSP5 delta_T=4 C,30,16.0,2042,10.8,1.0
SSP5 delta_T=4 C,30,17.0,2043,10.85,1.0
SSP5 delta_T=4 C,30,18.0,2044,10.9,1.0
SSP5 delta_T=4 C,30,19.0,2045,10.95,1.0
SSP5 delta_T=4 C,30,20.0,2046,11.0,1.0
SSP5 delta_T=4 C,30,21.0,2047,11.05,1.0
SSP5 delta_T=4 C,30,22.0,2048,11.1,1.0
SSP5 delta_T=4 C,30,23.0,2049,11.15,1.0
SSP5 delta_T=4 C,30,24.0,2050,11.2,1.0
SSP5 delta_T=4 C,30,25.0,2051,11.25,1.0
SSP5 delta_T=4 C,30,26.0,2052,11.3,1.0
SSP5 delta_T=4 C,30,27.0,2053,11.35,1.0
SSP5 delta_T=4 C,30,28.0,2054,11.4,1.0
SSP5 delta_T=4 C,30,29.0,2055,11.45,1.0
SSP5 delta_T=4 C,30,30.0,2056,11.5,1.0
SSP5 delta_T=4 C,30,31.0,2057,11.55,1.0
SSP5 delta_T=4 C,30,32.0,2058,11.6,1.0
SSP5 delta_T=4 C,30,33.0,2059,11.65,1.0
SSP5 delta_T=4 C,30,34.0,2060,11.7,1.0
SSP5 delta_T=4 C,30,35.0,2061,11.75,1.0
SSP5 delta_T=4 C,30,36.0,2062,11.8,0.9764421236312002
SSP5 delta_T=4 C,30,37.0,2063,11.85,0.9556645601347802
SSP5 delta_T=4 C,30,38.0,2064,11.9,0.9367018433492305
SSP5 delta_T=4 C,30,39.0,2065,11.95,0.9190864002082795
SSP5 delta_T=4 C,30,40.0,2066,12.0,0.9025886696161768
SSP5 delta_T=4 C,30,41.0,2067,12.05,0.887199292275745
SSP5 delta_T=4 C,30,42.0,2068,12.1,0.873269922064739
SSP5 delta_T=4 C,30,43.0,2069,12.15,0.8614160601268842
SSP5 delta_T=4 C,30,44.0,2070,12.2,0.8514102691426271
SSP5 delta_T=4 C,30,45.0,2071,12.25,0.842264812884237
SSP5 delta_T=4 C,30,46.0,2072,12.3,0.8334099936287128
SSP5 delta_T=4 C,30,47.0,2073,12.35,0.8246636812894736
SSP5 delta_T=4 C,30,48.0,2074,12.4,0.8159752883310489
SSP5 delta_T=4 C,30,49.0,2075,12.45,0.807330250950345
SSP5 delta_T=4 C,30,50.0,2076,12.5,0.7987240365328746
SSP5 delta_T=4 C,30,51.0,2077,12.55,0.7901551798641008
SSP5 delta_T=4 C,30,52.0,2078,12.6,0.7816232580702456
SSP5 delta_T=4 C,30,53.0,2079,12.65,0.7731282337509368
SSP5 delta_T=4 C,30,54.0,2080,12.7,0.7646702199931629
SSP5 delta_T=4 C,30,55.0,2081,12.75,0.756249390210939
SSP5 delta_T=4 C,30,56.0,2082,12.8,0.747865942022879
SSP5 delta_T=4 C,30,57.0,2083,12.85,0.7395200824201716
SSP5 delta_T=4 C,30,58.0,2084,12.9,0.7312120215944631
SSP5 delta_T=4 C,30,59.0,2085,12.95,0.7229419703508441
SSP5 delta_T=4 C,30,60.0,2086,13.0,0.7147101390192632
SSP5 delta_T=4 C,30,61.0,2087,13.05,0.7065167369954735
SSP5 delta_T=4 C,30,62.0,2088,13.1,0.6983619725472141
SSP5 delta_T=4 C,30,63.0,2089,13.15,0.690246052732329
SSP5 delta_T=4 C,30,64.0,2090,13.2,0.6821691833641608
SSP5 delta_T=4 C,30,65.0,2091,13.25,0.6741315689969243
SSP5 delta_T=4 C,30,66.0,2092,13.3,0.6661334129195265
SSP5 delta_T=4 C,30,67.0,2093,13.35,0.6581749171529548
SSP5 delta_T=4 C,30,68.0,2094,13.4,0.6502562824491729
SSP5 delta_T=4 C,30,69.0,2095,13.45,0.6423777082906565
SSP5 delta_T=4 C,30,70.0,2096,13.5,0.6345393928901962
SSP5 delta_T=4 C,30,71.0,2097,13.55,0.6267415331908157
SSP5 delta_T=4 C,30,72.0,2098,13.6,0.6189843248657355
SSP5 delta_T=4 C,30,73.0,2099,13.65,0.6112679623183587
SSP5 delta_T=4 C,30,74.0,2100,13.7,0.6035926386822662
SSP5 delta_T=4 C,31,0.0,2026,10.0,1.0
SSP5 delta_T=4 C,31,1.0,2027,10.05,1.0
SSP5 delta_T=4 C,31,2.0,2028,10.1,1.0
SSP5 delta_T=4 C,31,3.0,2029,10.15,1.0
SSP5 delta_T=4 C,31,4.0,2030,10.2,1.0
SSP5 delta_T=4 C,31,5.0,2031,10.25,1.0
SSP5 delta_T=4 C,31,6.0,2032,10.3,1.0
SSP5 delta_T=4 C,31,7.0,2033,10.35,1.0
SSP5 delta_T=4 C,31,8.0,2034,10.4,1.0
SSP5 delta_T=4 C,31,9.0,2035,10.45,1.0
SSP5 delta_T=4 C,31,10.0,2036,10.5,1.0
SSP5 delta_T=4 C,31,11.0,2037,10.55,1.0
SSP5 delta_T=4 C,31,12.0,2038,10.6,1.0
SSP5 delta_T=4 C,31,13.0,2039,10.65,1.0
SSP5 delta_T=4 C,31,14.0,2040,10.7,1.0
SSP5 delta_T=4 C,31,15.0,2041,10.75,1.0
SSP5 delta_T=4 C,31,16.0,2042,10.8,0.9760303743361619
SSP5 delta_T=4 C,31,17.0,2043,10.85,0.954900344764834
SSP5 delta_T=4 C,31,18.0,2044,10.9,0.9356246844732692
SSP5 delta_T=4 C,31,19.0,2045,10.95,0.9177259993486412
SSP5 delta_T=4 C,31,20.0,2046,11.0,0.9009695221756266
SSP5 delta_T=4 C,31,21.0,2047,11.05,0.8853444729374919
SSP5 delta_T=4 C,31,22.0,2048,11.1,0.8712065302856071
SSP5 delta_T=4 C,31,23.0,2049,11.15,0.8591787258042415
SSP5 delta_T=4 C,31,24.0,2050,11.2,0.8490286559400928
SSP5 delta_T=4 C,31,25.0,2051,11.25,0.8397533671821658
SSP5 delta_T=4 C,31,26.0,2052,11.3,0.8307747010218997
SSP5 delta_T=4 C,31,27.0,2053,11.35,0.8219078580050109
SSP5 delta_T=4 C,31,28.0,2054,11.4,0.8131015050464453
SSP5 delta_T=4 C,31,29.0,2055,11.45,0.804340852617023
SSP5 delta_T=4 C,31,30.0,2056,11.5,0.7956212856248779
SSP5 delta_T=4 C,31,31.0,2057,11.55,0.7869412998055607
SSP5 delta_T=4 C,31,32.0,2058,11.6,0.7783004478984134
SSP5 delta_T=4 C,31,33.0,2059,11.65,0.7696986735345336
SSP5 delta_T=4 C,31,34.0,2060,11.7,0.7611360729779817
SSP5 delta_T=4 C,31,35.0,2061,11.75,0.7526128037247148
SSP5 delta_T=4 C,31,36.0,2062,11.8,0.7441290478896075
SSP5 delta_T=4 C,31,37.0,2063,11.85,0.7356849971758296
SSP5 delta_T=4 C,31,38.0,2064,11.9,0.727280846621295
SSP5 delta_T=4 C,31,39.0,2065,11.95,0.7189167919780283
SSP5 delta_T=4 C,31,40.0,2066,12.0,0.7105930286096475
SSP5 delta_T=4 C,31,41.0,2067,12.05,0.7023097510265283
SSP5 delta_T=4 C,31,42.0,2068,12.1,0.6940671526895852
SSP5 delta_T=4 C,31,43.0,2069,12.15,0.6858654259273891
SSP5 delta_T=4 C,31,44.0,2070,12.2,0.6777047619011468
SSP5 delta_T=4 C,31,45.0,2071,12.25,0.6695853505899038
SSP5 delta_T=4 C,31,46.0,2072,12.3,0.6615073807842891
SSP5 delta_T=4 C,31,47.0,2073,12.35,0.6534710400838761
SSP5 delta_T=4 C,31,48.0,2074,12.4,0.6454765148960667
SSP5 delta_T=4 C,31,49.0,2075,12.45,0.6375239904356201
SSP5 delta_T=4 C,31,50.0,2076,12.5,0.6296136507244551
SSP5 delta_T=4 C,31,51.0,2077,12.55,0.6217456785915646
SSP5 delta_T=4 C,31,52.0,2078,12.6,0.6139202556729828
SSP5 delta_T=4 C,31,53.0,2079,12.65,0.606137562411769
SSP5 delta_T=4 C,31,54.0,2080,12.7,0.598397778058002
SSP5 delta_T=4 C,31,55.0,2081,12.75,0.5907010806687762
SSP5 delta_T=4 C,31,56.0,2082,12.8,0.5830476471082026
SSP5 delta_T=4 C,31,57.0,2083,12.85,0.5754376530474066
SSP5 delta_T=4 C,31,58.0,2084,12.9,0.5678712729645278
SSP5 delta_T=4 C,31,59.0,2085,12.95,0.5603486801447224
SSP5 delta_T=4 C,31,60.0,2086,13.0,0.5528700466801589
SSP5 delta_T=4 C,31,61.0,2087,13.05,0.5454355434700222
SSP5 delta_T=4 C,31,62.0,2088,13.1,0.5380453402205112
SSP5 delta_T=4 C,31,63.0,2089,13.15,0.53069960544484
SSP5 delta_T=4 C,31,64.0,2090,13.2,0.5233985064632366
SSP5 delta_T=4 C,31,65.0,2091,13.25,0.5161422094029439
SSP5 delta_T=4 C,31,66.0,2092,13.3,0.5089308791982199
SSP5 delta_T=4 C,31,67.0,2093,13.35,0.501764679590337
SSP5 delta_T=4 C,31,68.0,2094,13.4,0.4946437731275821
SSP5 delta_T=4 C,31,69.0,2095,13.45,0.48756832116525717
SSP5 delta_T=4 C,31,70.0,2096,13.5,0.4805384838656784
SSP5 delta_T=4 C,31,71.0,2097,13.55,0.473554420198177
SSP5 delta_T=4 C,31,72.0,2098,13.6,0.4666162879390987
SSP5 delta_T=4 C,31,73.0,2099,13.65,0.4597242436718038
SSP5 delta_T=4 C,31,74.0,2100,13.7,0.4528784427866674
SSP5 delta_T=4 C,32,0.0,2026,10.0,1.0
SSP5 delta_T=4 C,32,1.0,2027,10.05,1.0
SSP5 delta_T=4 C,32,2.0,2028,10.1,1.0
SSP5 delta_T=4 C,32,3.0,2029,10.15,1.0
SSP5 delta_T=4 C,32,4.0,2030,10.2,1.0
SSP5 delta_T=4 C,32,5.0,2031,10.25,1.0
SSP5 delta_T=4 C,32,6.0,2032,10.3,1.0
SSP5 delta_T=4 C,32,7.0,2033,10.35,1.0
SSP5 delta_T=4 C,32,8.0,2034,10.4,1.0
SSP5 delta_T=4 C,32,9.0,2035,10.45,1.0
SSP5 delta_T=4 C,32,10.0,2036,10.5,1.0
SSP5 delta_T=4 C,32,11.0,2037,10.55,1.0
SSP5 delta_T=4 C,32,12.0,2038,10.6,1.0
SSP5 delta_T=4 C,32,13.0,2039,10.65,1.0
SSP5 delta_T=4 C,32,14.0,2040,10.7,1.0
SSP5 delta_T=4 C,32,15.0,2041,10.75,1.0
SSP5 delta_T=4 C,32,16.0,2042,10.8,1.0
SSP5 delta_T=4 C,32,17.0,2043,10.85,1.0
SSP5 delta_T=4 C,32,18.0,2044,10.9,1.0
SSP5 delta_T=4 C,32,19.0,2045,10.95,1.0
SSP5 delta_T=4 C,32,20.0,2046,11.0,1.0
SSP5 delta_T=4 C,32,21.0,2047,11.05,1.0
SSP5 delta_T=4 C,32,22.0,2048,11.1,1.0
SSP5 delta_T=4 C,32,23.0,2049,11.15,1.0
SSP5 delta_T=4 C,32,24.0,2050,11.2,1.0
SSP5 delta_T=4 C,32,25.0,2051,11.25,1.0
SSP5 delta_T=4 C,32,26.0,2052,11.3,1.0
SSP5 delta_T=4 C,32,27.0,2053,11.35,1.0
SSP5 delta_T=4 C,32,28.0,2054,11.4,0.9711200026187135
SSP5 delta_T=4 C,32,29.0,2055,11.45,0.9456997216267337
SSP5 delta_T=4 C,32,30.0,2056,11.5,0.9225441934386078
SSP5 delta_T=4 C,32,31.0,2057,11.55,0.9010737392088436
SSP5 delta_T=4 C,32,32.0,2058,11.6,0.8810021037464767
SSP5 delta_T=4 C,32,33.0,2059,11.65,0.862312142786902
SSP5 delta_T=4 C,32,34.0,2060,11.7,0.8454240735943224
SSP5 delta_T=4 C,32,35.0,2061,11.75,0.8310746561480954
SSP5 delta_T=4 C,32,36.0,2062,11.8,0.8189788246015336
SSP5 delta_T=4 C,32,37.0,2063,11.85,0.8079365594159029
SSP5 delta_T=4 C,32,38.0,2064,11.9,0.7972578131820471
SSP5 delta_T=4 C,32,39.0,2065,11.95,0.7867223764862613
SSP5 delta_T=4 C,32,40.0,2066,12.0,0.7762692369552184
SSP5 delta_T=4 C,32,41.0,2067,12.05,0.7658809323289244
SSP5 delta_T=4 C,32,42.0,2068,12.1,0.7555521161117376
SSP5 delta_T=4 C,32,43.0,2069,12.15,0.7452811428327092
SSP5 delta_T=4 C,32,44.0,2070,12.2,0.7350676227861068
SSP5 delta_T=4 C,32,45.0,2071,12.25,0.7249116294324173
SSP5 delta_T=4 C,32,46.0,2072,12.3,0.7148134160882977
SSP5 delta_T=4 C,32,47.0,2073,12.35,0.7047733073282025
SSP5 delta_T=4 C,32,48.0,2074,12.4,0.6947916555208656
SSP5 delta_T=4 C,32,49.0,2075,12.45,0.6848688230032925
SSP5 delta_T=4 C,32,50.0,2076,12.5,0.6750051746716054
SSP5 delta_T=4 C,32,51.0,2077,12.55,0.6652010748793724
SSP5 delta_T=4 C,32,52.0,2078,12.6,0.6554568861341156
SSP5 delta_T=4 C,32,53.0,2079,12.65,0.6457729685483465
SSP5 delta_T=4 C,32,54.0,2080,12.7,0.6361496796080989
SSP5 delta_T=4 C,32,55.0,2081,12.75,0.6265873740752697
SSP5 delta_T=4 C,32,56.0,2082,12.8,0.617086403946405
SSP5 delta_T=4 C,32,57.0,2083,12.85,0.6076471184353052
SSP5 delta_T=4 C,32,58.0,2084,12.9,0.5982698639656833
SSP5 delta_T=4 C,32,59.0,2085,12.95,0.5889549841680692
SSP5 delta_T=4 C,32,60.0,2086,13.0,0.5797028198785026
SSP5 delta_T=4 C,32,61.0,2087,13.05,0.5705137091379838
SSP5 delta_T=4 C,32,62.0,2088,13.1,0.5613879871922409
SSP5 delta_T=4 C,32,63.0,2089,13.15,0.5523259864916326
SSP5 delta_T=4 C,32,64.0,2090,13.2,0.5433280366911065
SSP5 delta_T=4 C,32,65.0,2091,13.25,0.534394464650183
SSP5 delta_T=4 C,32,66.0,2092,13.3,0.5255255944329476
SSP5 delta_T=4 C,32,67.0,2093,13.35,0.5167217473080481
SSP5 delta_T=4 C,32,68.0,2094,13.4,0.5079832417486921
SSP5 delta_T=4 C,32,69.0,2095,13.45,0.4993103934326481
SSP5 delta_T=4 C,32,70.0,2096,13.5,0.49070351524224465
SSP5 delta_T=4 C,32,71.0,2097,13.55,0.4821629172643697
SSP5 delta_T=4 C,32,72.0,2098,13.6,0.47368890679047165
SSP5 delta_T=4 C,32,73.0,2099,13.65,0.4652817883165585
SSP5 delta_T=4 C,32,74.0,2100,13.7,0.456941863543198
SSP5 delta_T=4 C,33,0.0,2026,10.0,1.0
SSP5 delta_T=4 C,33,1.0,2027,10.05,1.0
SSP5 delta_T=4 C,33,2.0,2028,10.1,1.0
SSP5 delta_T=4 C,33,3.0,2029,10.15,1.0
SSP5 delta_T=4 C,33,4.0,2030,10.2,1.0
SSP5 delta_T=4 C,33,5.0,2031,10.25,1.0
SSP5 delta_T=4 C,33,6.0,2032,10.3,1.0
SSP5 delta_T=4 C,33,7.0,2033,10.35,1.0
SSP5 delta_T=4 C,33,8.0,2034,10.4,1.0
SSP5 delta_T=4 C,33,9.0,2035,10.45,1.0
SSP5 delta_T=4 C,33,10.0,2036,10.5,1.0
SSP5 delta_T=4 C,33,11.0,2037,10.55,1.0
SSP5 delta_T=4 C,33,12.0,2038,10.6,1.0
SSP5 delta_T=4 C,33,13.0,2039,10.65,1.0
SSP5 delta_T=4 C,33,14.0,2040,10.7,1.0
SSP5 delta_T=4 C,33,15.0,2041,10.75,1.0
SSP5 delta_T=4 C,33,16.0,2042,10.8,1.0
SSP5 delta_T=4 C,33,17.0,2043,10.85,1.0
SSP5 delta_T=4 C,33,18.0,2044,10.9,1.0
SSP5 delta_T=4 C,33,19.0,2045,10.95,1.0
SSP5 delta_T=4 C,33,20.0,2046,11.0,1.0
SSP5 delta_T=4 C,33,21.0,2047,11.05,1.0
SSP5 delta_T=4 C,33,22.0,2048,11.1,1.0
SSP5 delta_T=4 C,33,23.0,2049,11.15,1.0
SSP5 delta_T=4 C,33,24.0,2050,11.2,1.0
SSP5 delta_T=4 C,33,25.0,2051,11.25,1.0
SSP5 delta_T=4 C,33,26.0,2052,11.3,1.0
SSP5 delta_T=4 C,33,27.0,2053,11.35,1.0
SSP5 delta_T=4 C,33,28.0,2054,11.4,1.0
SSP5 delta_T=4 C,33,29.0,2055,11.45,1.0
SSP5 delta_T=4 C,33,30.0,2056,11.5,1.0
SSP5 delta_T=4 C,33,31.0,2057,11.55,1.0
SSP5 delta_T=4 C,33,32.0,2058,11.6,1.0
SSP5 delta_T=4 C,33,33.0,2059,11.65,1.0
SSP5 delta_T=4 C,33,34.0,2060,11.7,1.0
SSP5 delta_T=4 C,33,35.0,2061,11.75,1.0
SSP5 delta_T=4 C,33,36.0,2062,11.8,1.0
SSP5 delta_T=4 C,33,37.0,2063,11.85,1.0
SSP5 delta_T=4 C,33,38.0,2064,11.9,1.0
SSP5 delta_T=4 C,33,39.0,2065,11.95,1.0
SSP5 delta_T=4 C,33,40.0,2066,12.0,1.0
SSP5 delta_T=4 C,33,41.0,2067,12.05,1.0
SSP5 delta_T=4 C,33,42.0,2068,12.1,1.0
SSP5 delta_T=4 C,33,43.0,2069,12.15,0.9760732384538101
SSP5 delta_T=4 C,33,44.0,2070,12.2,0.9549587888690844
SSP5 delta_T=4 C,33,45.0,2071,12.25,0.9356796168679025
SSP5 delta_T=4 C,33,46.0,2072,12.3,0.9177628611543424
SSP5 delta_T=4 C,33,47.0,2073,12.35,0.9009768129525273
SSP5 delta_T=4 C,33,48.0,2074,12.4,0.8853133875521298
SSP5 delta_T=4 C,33,49.0,2075,12.45,0.8711319117656579
SSP5 delta_T=4 C,33,50.0,2076,12.5,0.8590606012649367
SSP5 delta_T=4 C,33,51.0,2077,12.55,0.84886926380569
SSP5 delta_T=4 C,33,52.0,2078,12.6,0.8395526716255073
SSP5 delta_T=4 C,33,53.0,2079,12.65,0.8305307983997007
SSP5 delta_T=4 C,33,54.0,2080,12.7,0.8216182136911946
SSP5 delta_T=4 C,33,55.0,2081,12.75,0.8127634482061276
SSP5 delta_T=4 C,33,56.0,2082,12.8,0.8039517239845745
SSP5 delta_T=4 C,33,57.0,2083,12.85,0.7951784810809425
SSP5 delta_T=4 C,33,58.0,2084,12.9,0.786442284143696
SSP5 delta_T=4 C,33,59.0,2085,12.95,0.7777427594582131
SSP5 delta_T=4 C,33,60.0,2086,13.0,0.7690799257219437
SSP5 delta_T=4 C,33,61.0,2087,13.05,0.7604539546123416
SSP5 delta_T=4 C,33,62.0,2088,13.1,0.7518650789100342
SSP5 delta_T=4 C,33,63.0,2089,13.15,0.7433135556842184
SSP5 delta_T=4 C,33,64.0,2090,13.2,0.7347996511745661
SSP5 delta_T=4 C,33,65.0,2091,13.25,0.7263236344993017
SSP5 delta_T=4 C,33,66.0,2092,13.3,0.7178857750176662
SSP5 delta_T=4 C,33,67.0,2093,13.35,0.7094863412199431
SSP5 delta_T=4 C,33,68.0,2094,13.4,0.7011256002593358
SSP5 delta_T=4 C,33,69.0,2095,13.45,0.6928038177543022
SSP5 delta_T=4 C,33,70.0,2096,13.5,0.6845212577050356
SSP5 delta_T=4 C,33,71.0,2097,13.55,0.6762781824581681
SSP5 delta_T=4 C,33,72.0,2098,13.6,0.6680748526918483
SSP5 delta_T=4 C,33,73.0,2099,13.65,0.6599115274094356
SSP5 delta_T=4 C,33,74.0,2100,13.7,0.6517884639368349
SSP5 delta_T=4 C,34,0.0,2026,10.0,1.0
SSP5 delta_T=4 C,34,1.0,2027,10.05,1.0
SSP5 delta_T=4 C,34,2.0,2028,10.1,1.0
SSP5 delta_T=4 C,34,3.0,2029,10.15,1.0
SSP5 delta_T=4 C,34,4.0,2030,10.2,1.0
SSP5 delta_T=4 C,34,5.0,2031,10.25,1.0
SSP5 delta_T=4 C,34,6.0,2032,10.3,1.0
SSP5 delta_T=4 C,34,7.0,2033,10.35,1.0
SSP5 delta_T=4 C,34,8.0,2034,10.4,1.0
SSP5 delta_T=4 C,34,9.0,2035,10.45,1.0
SSP5 delta_T=4 C,34,10.0,2036,10.5,1.0
SSP5 delta_T=4 C,34,11.0,2037,10.55,1.0
SSP5 delta_T=4 C,34,12.0,2038,10.6,1.0
SSP5 delta_T=4 C,34,13.0,2039,10.65,1.0
SSP5 delta_T=4 C,34,14.0,2040,10.7,1.0
SSP5 delta_T=4 C,34,15.0,2041,10.75,1.0
SSP5 delta_T=4 C,34,16.0,2042,10.8,1.0
SSP5 delta_T=4 C,34,17.0,2043,10.85,1.0
SSP5 delta_T=4 C,34,18.0,2044,10.9,1.0
SSP5 delta_T=4 C,34,19.0,2045,10.95,1.0
SSP5 delta_T=4 C,34,20.0,2046,11.0,1.0
SSP5 delta_T=4 C,34,21.0,2047,11.05,1.0
SSP5 delta_T=4 C,34,22.0,2048,11.1,1.0
SSP5 delta_T=4 C,34,23.0,2049,11.15,1.0
SSP5 delta_T=4 C,34,24.0,2050,11.2,1.0
SSP5 delta_T=4 C,34,25.0,2051,11.25,1.0
SSP5 delta_T=4 C,34,26.0,2052,11.3,1.0
SSP5 delta_T=4 C,34,27.0,2053,11.35,1.0
SSP5 delta_T=4 C,34,28.0,2054,11.4,1.0
SSP5 delta_T=4 C,34,29.0,2055,11.45,1.0
SSP5 delta_T=4 C,34,30.0,2056,11.5,1.0
SSP5 delta_T=4 C,34,31.0,2057,11.55,1.0
SSP5 delta_T=4 C,34,32.0,2058,11.6,1.0
SSP5 delta_T=4 C,34,33.0,2059,11.65,1.0
SSP5 delta_T=4 C,34,34.0,2060,11.7,1.0
SSP5 delta_T=4 C,34,35.0,2061,11.75,1.0
SSP5 delta_T=4 C,34,36.0,2062,11.8,1.0
SSP5 delta_T=4 C,34,37.0,2063,11.85,1.0
SSP5 delta_T=4 C,34,38.0,2064,11.9,1.0
SSP5 delta_T=4 C,34,39.0,2065,11.95,1.0
SSP5 delta_T=4 C,34,40.0,2066,12.0,1.0
SSP5 delta_T=4 C,34,41.0,2067,12.05,1.0
SSP5 delta_T=4 C,34,42.0,2068,12.1,1.0
SSP5 delta_T=4 C,34,43.0,2069,12.15,1.0
SSP5 delta_T=4 C,34,44.0,2070,12.2,1.0
SSP5 delta_T=4 C,34,45.0,2071,12.25,1.0
SSP5 delta_T=4 C,34,46.0,2072,12.3,1.0
SSP5 delta_T=4 C,34,47.0,2073,12.35,1.0
SSP5 delta_T=4 C,34,48.0,2074,12.4,1.0
SSP5 delta_T=4 C,34,49.0,2075,12.45,1.0
SSP5 delta_T=4 C,34,50.0,2076,12.5,1.0
SSP5 delta_T=4 C,34,51.0,2077,12.55,1.0
SSP5 delta_T=4 C,34,52.0,2078,12.6,1.0
SSP5 delta_T=4 C,34,53.0,2079,12.65,1.0
SSP5 delta_T=4 C,34,54.0,2080,12.7,1.0
SSP5 delta_T=4 C,34,55.0,2081,12.75,1.0
SSP5 delta_T=4 C,34,56.0,2082,12.8,1.0
SSP5 delta_T=4 C,34,57.0,2083,12.85,1.0
SSP5 delta_T=4 C,34,58.0,2084,12.9,1.0
SSP5 delta_T=4 C,34,59.0,2085,12.95,1.0
SSP5 delta_T=4 C,34,60.0,2086,13.0,0.9756911476038943
SSP5 delta_T=4 C,34,61.0,2087,13.05,0.9542388339877453
SSP5 delta_T=4 C,34,62.0,2088,13.1,0.9346508414959662
SSP5 delta_T=4 C,34,63.0,2089,13.15,0.9164469999301298
SSP5 delta_T=4 C,34,64.0,2090,13.2,0.8993920619844251
SSP5 delta_T=4 C,34,65.0,2091,13.25,0.883477928718745
SSP5 delta_T=4 C,34,66.0,2092,13.3,0.8690697340255935
SSP5 delta_T=4 C,34,67.0,2093,13.35,0.8568057123875665
SSP5 delta_T=4 C,34,68.0,2094,13.4,0.8464519169430358
SSP5 delta_T=4 C,34,69.0,2095,13.45,0.8369870357207149
SSP5 delta_T=4 C,34,70.0,2096,13.5,0.8278217959808002
SSP5 delta_T=4 C,34,71.0,2097,13.55,0.8187678305125679
SSP5 delta_T=4 C,34,72.0,2098,13.6,0.8097728715186154
SSP5 delta_T=4 C,34,73.0,2099,13.65,0.8008219273869016
SSP5 delta_T=4 C,34,74.0,2100,13.7,0.7919103871084666
SSP5 delta_T=4 C,35,0.0,2026,10.0,1.0
SSP5 delta_T=4 C,35,1.0,2027,10.05,1.0
SSP5 delta_T=4 C,35,2.0,2028,10.1,1.0
SSP5 delta_T=4 C,35,3.0,2029,10.15,1.0
SSP5 delta_T=4 C,35,4.0,2030,10.2,1.0
SSP5 delta_T=4 C,35,5.0,2031,10.25,1.0
SSP5 delta_T=4 C,35,6.0,2032,10.3,1.0
SSP5 delta_T=4 C,35,7.0,2033,10.35,1.0
SSP5 delta_T=4 C,35,8.0,2034,10.4,1.0
SSP5 delta_T=4 C,35,9.0,2035,10.45,1.0
SSP5 delta_T=4 C,35,10.0,2036,10.5,1.0
SSP5 delta_T=4 C,35,11.0,2037,10.55,1.0
SSP5 delta_T=4 C,35,12.0,2038,10.6,1.0
SSP5 delta_T=4 C,35,13.0,2039,10.65,1.0
SSP5 delta_T=4 C,35,14.0,2040,10.7,1.0
SSP5 delta_T=4 C,35,15.0,2041,10.75,1.0
SSP5 delta_T=4 C,35,16.0,2042,10.8,1.0
SSP5 delta_T=4 C,35,17.0,2043,10.85,1.0
SSP5 delta_T=4 C,35,18.0,2044,10.9,1.0
SSP5 delta_T=4 C,35,19.0,2045,10.95,0.9779069153134936
SSP5 delta_T=4 C,35,20.0,2046,11.0,0.9584102004489459
SSP5 delta_T=4 C,35,21.0,2047,11.05,0.9406069328311446
SSP5 delta_T=4 C,35,22.0,2048,11.1,0.9240600413385731
SSP5 delta_T=4 C,35,23.0,2049,11.15,0.9085553009436079
SSP5 delta_T=4 C,35,24.0,2050,11.2,0.8940851653304033
SSP5 delta_T=4 C,35,25.0,2051,11.25,0.8809817548669562
SSP5 delta_T=4 C,35,26.0,2052,11.3,0.8698260878368893
SSP5 delta_T=4 C,35,27.0,2053,11.35,0.8604061835074563
SSP5 delta_T=4 C,35,28.0,2054,11.4,0.8517934004144271
SSP5 delta_T=4 C,35,29.0,2055,11.45,0.8434516865723083
SSP5 delta_T=4 C,35,30.0,2056,11.5,0.8352095875492608
SSP5 delta_T=4 C,35,31.0,2057,11.55,0.8270194517272323
SSP5 delta_T=4 C,35,32.0,2058,11.6,0.8188675414652751
SSP5 delta_T=4 C,35,33.0,2059,11.65,0.8107495651350863
SSP5 delta_T=4 C,35,34.0,2060,11.7,0.802664120322158
SSP5 delta_T=4 C,35,35.0,2061,11.75,0.7946107867546536
SSP5 delta_T=4 C,35,36.0,2062,11.8,0.786589507588542
SSP5 delta_T=4 C,35,37.0,2063,11.85,0.7786003680214607
SSP5 delta_T=4 C,35,38.0,2064,11.9,0.770643510328871
SSP5 delta_T=4 C,35,39.0,2065,11.95,0.7627190998139716
SSP5 delta_T=4 C,35,40.0,2066,12.0,0.7548273108223451
SSP5 delta_T=4 C,35,41.0,2067,12.05,0.7469683209203271
SSP5 delta_T=4 C,35,42.0,2068,12.1,0.7391423084540973
SSP5 delta_T=4 C,35,43.0,2069,12.15,0.7313494515222274
SSP5 delta_T=4 C,35,44.0,2070,12.2,0.723589927542258
SSP5 delta_T=4 C,35,45.0,2071,12.25,0.715863913067641
SSP5 delta_T=4 C,35,46.0,2072,12.3,0.7081715837103723
SSP5 delta_T=4 C,35,47.0,2073,12.35,0.7005131141082859
SSP5 delta_T=4 C,35,48.0,2074,12.4,0.6928886779112233
SSP5 delta_T=4 C,35,49.0,2075,12.45,0.6852984477751874
SSP5 delta_T=4 C,35,50.0,2076,12.5,0.6777425953598721
SSP5 delta_T=4 C,35,51.0,2077,12.55,0.6702212913276165
SSP5 delta_T=4 C,35,52.0,2078,12.6,0.6627347053429657
SSP5 delta_T=4 C,35,53.0,2079,12.65,0.6552830060724838
SSP5 delta_T=4 C,35,54.0,2080,12.7,0.6478663611846759
SSP5 delta_T=4 C,35,55.0,2081,12.75,0.640484937349955
SSP5 delta_T=4 C,35,56.0,2082,12.8,0.6331389002406276
SSP5 delta_T=4 C,35,57.0,2083,12.85,0.6258284145308881
SSP5 delta_T=4 C,35,58.0,2084,12.9,0.6185536438968169
SSP5 delta_T=4 C,35,59.0,2085,12.95,0.611314751016379
SSP5 delta_T=4 C,35,60.0,2086,13.0,0.6041118975694229
SSP5 delta_T=4 C,35,61.0,2087,13.05,0.5969452442376816
SSP5 delta_T=4 C,35,62.0,2088,13.1,0.5898149507047713
SSP5 delta_T=4 C,35,63.0,2089,13.15,0.5827211756561929
SSP5 delta_T=4 C,35,64.0,2090,13.2,0.5756640767793302
SSP5 delta_T=4 C,35,65.0,2091,13.25,0.5686438107634516
SSP5 delta_T=4 C,35,66.0,2092,13.3,0.561660533299709
SSP5 delta_T=4 C,35,67.0,2093,13.35,0.5547143990811376
SSP5 delta_T=4 C,35,68.0,2094,13.4,0.5478055618026572
SSP5 delta_T=4 C,35,69.0,2095,13.45,0.5409341741610705
SSP5 delta_T=4 C,35,70.0,2096,13.5,0.5341003878550646
SSP5 delta_T=4 C,35,71.0,2097,13.55,0.5273043535852111
SSP5 delta_T=4 C,35,72.0,2098,13.6,0.5205462210539633
SSP5 delta_T=4 C,35,73.0,2099,13.65,0.5138261389656605
SSP5 delta_T=4 C,35,74.0,2100,13.7,0.5071442550265247
SSP5 delta_T=4 C,36,0.0,2026,10.0,1.0
SSP5 delta_T=4 C,36,1.0,2027,10.05,1.0
SSP5 delta_T=4 C,36,2.0,2028,10.1,1.0
SSP5 delta_T=4 C,36,3.0,2029,10.15,1.0
SSP5 delta_T=4 C,36,4.0,2030,10.2,1.0
SSP5 delta_T=4 C,36,5.0,2031,10.25,1.0
SSP5 delta_T=4 C,36,6.0,2032,10.3,1.0
SSP5 delta_T=4 C,36,7.0,2033,10.35,1.0
SSP5 delta_T=4 C,36,8.0,2034,10.4,1.0
SSP5 delta_T=4 C,36,9.0,2035,10.45,1.0
SSP5 delta_T=4 C,36,10.0,2036,10.5,1.0
SSP5 delta_T=4 C,36,11.0,2037,10.55,1.0
SSP5 delta_T=4 C,36,12.0,2038,10.6,1.0
SSP5 delta_T=4 C,36,13.0,2039,10.65,1.0
SSP5 delta_T=4 C,36,14.0,2040,10.7,1.0
SSP5 delta_T=4 C,36,15.0,2041,10.75,1.0
SSP5 delta_T=4 C,36,16.0,2042,10.8,1.0
SSP5 delta_T=4 C,36,17.0,2043,10.85,1.0
SSP5 delta_T=4 C,36,18.0,2044,10.9,1.0
SSP5 delta_T=4 C,36,19.0,2045,10.95,1.0
SSP5 delta_T=4 C,36,20.0,2046,11.0,1.0
SSP5 delta_T=4 C,36,21.0,2047,11.05,1.0
SSP5 delta_T=4 C,36,22.0,2048,11.1,0.9779525757808117
SSP5 delta_T=4 C,36,23.0,2049,11.15,0.9585021500898535
SSP5 delta_T=4 C,36,24.0,2050,11.2,0.9407459255702515
SSP5 delta_T=4 C,36,25.0,2051,11.25,0.9242467381643474
SSP5 delta_T=4 C,36,26.0,2052,11.3,0.9087900912339737
SSP5 delta_T=4 C,36,27.0,2053,11.35,0.894367730655132
SSP5 delta_T=4 C,36,28.0,2054,11.4,0.8813099350791234
SSP5 delta_T=4 C,36,29.0,2055,11.45,0.8701948264671487
SSP5 delta_T=4 C,36,30.0,2056,11.5,0.860810380600115
SSP5 delta_T=4 C,36,31.0,2057,11.55,0.8522309711763026
SSP5 delta_T=4 C,36,32.0,2058,11.6,0.843922434842855
SSP5 delta_T=4 C,36,33.0,2059,11.65,0.83571392967157
SSP5 delta_T=4 C,36,34.0,2060,11.7,0.8275579632261384
SSP5 delta_T=4 C,36,35.0,2061,11.75,0.8194408295916586
SSP5 delta_T=4 C,36,36.0,2062,11.8,0.8113582327164546
SSP5 delta_T=4 C,36,37.0,2063,11.85,0.8033087545850207
SSP5 delta_T=4 C,36,38.0,2064,11.9,0.7952919555336866
SSP5 delta_T=4 C,36,39.0,2065,11.95,0.7873077579721877
SSP5 delta_T=4 C,36,40.0,2066,12.0,0.7793562258851854
SSP5 delta_T=4 C,36,41.0,2067,12.05,0.7714374802158774
SSP5 delta_T=4 C,36,42.0,2068,12.1,0.7635516649580751
SSP5 delta_T=4 C,36,43.0,2069,12.15,0.7556989332304768
SSP5 delta_T=4 C,36,44.0,2070,12.2,0.7478794414803801
SSP5 delta_T=4 C,36,45.0,2071,12.25,0.7400933470536137
SSP5 delta_T=4 C,36,46.0,2072,12.3,0.7323408071717388
SSP5 delta_T=4 C,36,47.0,2073,12.35,0.7246219785006267
SSP5 delta_T=4 C,36,48.0,2074,12.4,0.7169370169682621
SSP5 delta_T=4 C,36,49.0,2075,12.45,0.7092860776877452
SSP5 delta_T=4 C,36,50.0,2076,12.5,0.7016693149247457
SSP5 delta_T=4 C,36,51.0,2077,12.55,0.6940868820837393
SSP5 delta_T=4 C,36,52.0,2078,12.6,0.6865389317021922
SSP5 delta_T=4 C,36,53.0,2079,12.65,0.6790256154481019
SSP5 delta_T=4 C,36,54.0,2080,12.7,0.6715470841189585
SSP5 delta_T=4 C,36,55.0,2081,12.75,0.6641034876413067
SSP5 delta_T=4 C,36,56.0,2082,12.8,0.6566949750705602
SSP5 delta_T=4 C,36,57.0,2083,12.85,0.6493216945909235
SSP5 delta_T=4 C,36,58.0,2084,12.9,0.641983793515359
SSP5 delta_T=4 C,36,59.0,2085,12.95,0.6346814182855742
SSP5 delta_T=4 C,36,60.0,2086,13.0,0.6274147144720149
SSP5 delta_T=4 C,36,61.0,2087,13.05,0.6201838267738632
SSP5 delta_T=4 C,36,62.0,2088,13.1,0.6129888990190356
SSP5 delta_T=4 C,36,63.0,2089,13.15,0.605830074164184
SSP5 delta_T=4 C,36,64.0,2090,13.2,0.598707494294694
SSP5 delta_T=4 C,36,65.0,2091,13.25,0.5916213006246868
SSP5 delta_T=4 C,36,66.0,2092,13.3,0.5845716334970168
SSP5 delta_T=4 C,36,67.0,2093,13.35,0.5775586323832732
SSP5 delta_T=4 C,36,68.0,2094,13.4,0.5705824358837799
SSP5 delta_T=4 C,36,69.0,2095,13.45,0.5636431817275946
SSP5 delta_T=4 C,36,70.0,2096,13.5,0.5567410067725098
SSP5 delta_T=4 C,36,71.0,2097,13.55,0.5498760470050519
SSP5 delta_T=4 C,36,72.0,2098,13.6,0.5430484375404823
SSP5 delta_T=4 C,36,73.0,2099,13.65,0.5362583126227959
SSP5 delta_T=4 C,36,74.0,2100,13.7,0.5295058056247228
SSP5 delta_T=4 C,37,0.0,2026,10.0,1.0
SSP5 delta_T=4 C,37,1.0,2027,10.05,1.0
SSP5 delta_T=4 C,37,2.0,2028,10.1,1.0
SSP5 delta_T=4 C,37,3.0,2029,10.15,1.0
SSP5 delta_T=4 C,37,4.0,2030,10.2,1.0
SSP5 delta_T=4 C,37,5.0,2031,10.25,1.0
SSP5 delta_T=4 C,37,6.0,2032,10.3,1.0
SSP5 delta_T=4 C,37,7.0,2033,10.35,1.0
SSP5 delta_T=4 C,37,8.0,2034,10.4,1.0
SSP5 delta_T=4 C,37,9.0,2035,10.45,1.0
SSP5 delta_T=4 C,37,10.0,2036,10.5,1.0
SSP5 delta_T=4 C,37,11.0,2037,10.55,1.0
SSP5 delta_T=4 C,37,12.0,2038,10.6,1.0
SSP5 delta_T=4 C,37,13.0,2039,10.65,1.0
SSP5 delta_T=4 C,37,14.0,2040,10.7,1.0
SSP5 delta_T=4 C,37,15.0,2041,10.75,1.0
SSP5 delta_T=4 C,37,16.0,2042,10.8,1.0
SSP5 delta_T=4 C,37,17.0,2043,10.85,1.0
SSP5 delta_T=4 C,37,18.0,2044,10.9,1.0
SSP5 delta_T=4 C,37,19.0,2045,10.95,1.0
SSP5 delta_T=4 C,37,20.0,2046,11.0,1.0
SSP5 delta_T=4 C,37,21.0,2047,11.05,1.0
SSP5 delta_T=4 C,37,22.0,2048,11.1,1.0
SSP5 delta_T=4 C,37,23.0,2049,11.15,1.0
SSP5 delta_T=4 C,37,24.0,2050,11.2,1.0
SSP5 delta_T=4 C,37,25.0,2051,11.25,1.0
SSP5 delta_T=4 C,37,26.0,2052,11.3,1.0
SSP5 delta_T=4 C,37,27.0,2053,11.35,1.0
SSP5 delta_T=4 C,37,28.0,2054,11.4,0.9653302415642682
SSP5 delta_T=4 C,37,29.0,2055,11.45,0.934874796524825
SSP5 delta_T=4 C,37,30.0,2056,11.5,0.9071865261641558
SSP5 delta_T=4 C,37,31.0,2057,11.55,0.8815623702066931
SSP5 delta_T=4 C,37,32.0,2058,11.6,0.8576532605460341
SSP5 delta_T=4 C,37,33.0,2059,11.65,0.8354319919731847
SSP5 delta_T=4 C,37,34.0,2060,11.7,0.8153898095549486
SSP5 delta_T=4 C,37,35.0,2061,11.75,0.7983891504280126
SSP5 delta_T=4 C,37,36.0,2062,11.8,0.7840798190150137
SSP5 delta_T=4 C,37,37.0,2063,11.85,0.7710345267182016
SSP5 delta_T=4 C,37,38.0,2064,11.9,0.7584352546829028
SSP5 delta_T=4 C,37,39.0,2065,11.95,0.7460215103048116
SSP5 delta_T=4 C,37,40.0,2066,12.0,0.7337213615341481
SSP5 delta_T=4 C,37,41.0,2067,12.05,0.7215143972859837
SSP5 delta_T=4 C,37,42.0,2068,12.1,0.7093945243326749
SSP5 delta_T=4 C,37,43.0,2069,12.15,0.6973600174197875
SSP5 delta_T=4 C,37,44.0,2070,12.2,0.685410630169984
SSP5 delta_T=4 C,37,45.0,2071,12.25,0.6735466593643921
SSP5 delta_T=4 C,37,46.0,2072,12.3,0.6617686107804656
SSP5 delta_T=4 C,37,47.0,2073,12.35,0.6500770712370934
SSP5 delta_T=4 C,37,48.0,2074,12.4,0.638472657445211
SSP5 delta_T=4 C,37,49.0,2075,12.45,0.626955995056587
SSP5 delta_T=4 C,37,50.0,2076,12.5,0.6155277099675663
SSP5 delta_T=4 C,37,51.0,2077,12.55,0.6041884246837478
SSP5 delta_T=4 C,37,52.0,2078,12.6,0.5929387567944571
SSP5 delta_T=4 C,37,53.0,2079,12.65,0.5817793183312453
SSP5 delta_T=4 C,37,54.0,2080,12.7,0.5707107154978202
SSP5 delta_T=4 C,37,55.0,2081,12.75,0.5597335485562853
SSP5 delta_T=4 C,37,56.0,2082,12.8,0.5488484117792052
SSP5 delta_T=4 C,37,57.0,2083,12.85,0.5380558934294104
SSP5 delta_T=4 C,37,58.0,2084,12.9,0.5273565757514882
SSP5 delta_T=4 C,37,59.0,2085,12.95,0.5167510349681997
SSP5 delta_T=4 C,37,60.0,2086,13.0,0.5062398412789723
SSP5 delta_T=4 C,37,61.0,2087,13.05,0.4958235588592637
SSP5 delta_T=4 C,37,62.0,2088,13.1,0.4855027458602962
SSP5 delta_T=4 C,37,63.0,2089,13.15,0.4752779544089436
SSP5 delta_T=4 C,37,64.0,2090,13.2,0.46514973060768566
SSP5 delta_T=4 C,37,65.0,2091,13.25,0.4551186145345875
SSP5 delta_T=4 C,37,66.0,2092,13.3,0.4451851402432913
SSP5 delta_T=4 C,37,67.0,2093,13.35,0.4353498357630126
SSP5 delta_T=4 C,37,68.0,2094,13.4,0.42561322309853983
SSP5 delta_T=4 C,37,69.0,2095,13.45,0.415975818230233
SSP5 delta_T=4 C,37,70.0,2096,13.5,0.4064381311140236
SSP5 delta_T=4 C,37,71.0,2097,13.55,0.39700066568141446
SSP5 delta_T=4 C,37,72.0,2098,13.6,0.38766391983947984
SSP5 delta_T=4 C,37,73.0,2099,13.65,0.3784283854708653
SSP5 delta_T=4 C,37,74.0,2100,13.7,0.3692945484337877
SSP5 delta_T=4 C,38,0.0,2026,10.0,1.0
SSP5 delta_T=4 C,38,1.0,2027,10.05,1.0
SSP5 delta_T=4 C,38,2.0,2028,10.1,1.0
SSP5 delta_T=4 C,38,3.0,2029,10.15,1.0
SSP5 delta_T=4 C,38,4.0,2030,10.2,1.0
SSP5 delta_T=4 C,38,5.0,2031,10.25,1.0
SSP5 delta_T=4 C,38,6.0,2032,10.3,1.0
SSP5 delta_T=4 C,38,7.0,2033,10.35,1.0
SSP5 delta_T=4 C,38,8.0,2034,10.4,1.0
SSP5 delta_T=4 C,38,9.0,2035,10.45,1.0
SSP5 delta_T=4 C,38,10.0,2036,10.5,1.0
SSP5 delta_T=4 C,38,11.0,2037,10.55,1.0
SSP5 delta_T=4 C,38,12.0,2038,10.6,1.0
SSP5 delta_T=4 C,38,13.0,2039,10.65,1.0
SSP5 delta_T=4 C,38,14.0,2040,10.7,1.0
SSP5 delta_T=4 C,38,15.0,2041,10.75,1.0
SSP5 delta_T=4 C,38,16.0,2042,10.8,1.0
SSP5 delta_T=4 C,38,17.0,2043,10.85,1.0
SSP5 delta_T=4 C,38,18.0,2044,10.9,1.0
SSP5 delta_T=4 C,38,19.0,2045,10.95,1.0
SSP5 delta_T=4 C,38,20.0,2046,11.0,1.0
SSP5 delta_T=4 C,38,21.0,2047,11.05,1.0
SSP5 delta_T=4 C,38,22.0,2048,11.1,1.0
SSP5 delta_T=4 C,38,23.0,2049,11.15,1.0
SSP5 delta_T=4 C,38,24.0,2050,11.2,1.0
SSP5 delta_T=4 C,38,25.0,2051,11.25,1.0
SSP5 delta_T=4 C,38,26.0,2052,11.3,1.0
SSP5 delta_T=4 C,38,27.0,2053,11.35,1.0
SSP5 delta_T=4 C,38,28.0,2054,11.4,1.0
SSP5 delta_T=4 C,38,29.0,2055,11.45,1.0
SSP5 delta_T=4 C,38,30.0,2056,11.5,1.0
SSP5 delta_T=4 C,38,31.0,2057,11.55,1.0
SSP5 delta_T=4 C,38,32.0,2058,11.6,1.0
SSP5 delta_T=4 C,38,33.0,2059,11.65,1.0
SSP5 delta_T=4 C,38,34.0,2060,11.7,1.0
SSP5 delta_T=4 C,38,35.0,2061,11.75,1.0
SSP5 delta_T=4 C,38,36.0,2062,11.8,1.0
SSP5 delta_T=4 C,38,37.0,2063,11.85,1.0
SSP5 delta_T=4 C,38,38.0,2064,11.9,1.0
SSP5 delta_T=4 C,38,39.0,2065,11.95,1.0
SSP5 delta_T=4 C,38,40.0,2066,12.0,1.0
SSP5 delta_T=4 C,38,41.0,2067,12.05,1.0
SSP5 delta_T=4 C,38,42.0,2068,12.1,1.0
SSP5 delta_T=4 C,38,43.0,2069,12.15,1.0
SSP5 delta_T=4 C,38,44.0,2070,12.2,1.0
SSP5 delta_T=4 C,38,45.0,2071,12.25,1.0
SSP5 delta_T=4 C,38,46.0,2072,12.3,1.0
SSP5 delta_T=4 C,38,47.0,2073,12.35,0.9747687075832153
SSP5 delta_T=4 C,38,48.0,2074,12.4,0.952535034213073
SSP5 delta_T=4 C,38,49.0,2075,12.45,0.932260105252707
SSP5 delta_T=4 C,38,50.0,2076,12.5,0.9134403828892832
SSP5 delta_T=4 C,38,51.0,2077,12.55,0.8958279769378358
SSP5 delta_T=4 C,38,52.0,2078,12.6,0.8794106105305517
SSP5 delta_T=4 C,38,53.0,2079,12.65,0.8645608371691209
SSP5 delta_T=4 C,38,54.0,2080,12.7,0.8519314098359763
SSP5 delta_T=4 C,38,55.0,2081,12.75,0.8412765827177092
SSP5 delta_T=4 C,38,56.0,2082,12.8,0.8315424704072978
SSP5 delta_T=4 C,38,57.0,2083,12.85,0.822121929570521
SSP5 delta_T=4 C,38,58.0,2084,12.9,0.8128209727463608
SSP5 delta_T=4 C,38,59.0,2085,12.95,0.8035857479341445
SSP5 delta_T=4 C,38,60.0,2086,13.0,0.7944007642730069
SSP5 delta_T=4 C,38,61.0,2087,13.05,0.7852612093506459
SSP5 delta_T=4 C,38,62.0,2088,13.1,0.7761655349745905
SSP5 delta_T=4 C,38,63.0,2089,13.15,0.7671133017136545
SSP5 delta_T=4 C,38,64.0,2090,13.2,0.7581044799251442
SSP5 delta_T=4 C,38,65.0,2091,13.25,0.7491391997841593
SSP5 delta_T=4 C,38,66.0,2092,13.3,0.7402176554082674
SSP5 delta_T=4 C,38,67.0,2093,13.35,0.7313400664606243
SSP5 delta_T=4 C,38,68.0,2094,13.4,0.7225066623907141
SSP5 delta_T=4 C,38,69.0,2095,13.45,0.7137176758792724
SSP5 delta_T=4 C,38,70.0,2096,13.5,0.7049733400919982
SSP5 delta_T=4 C,38,71.0,2097,13.55,0.6962738875244796
SSP5 delta_T=4 C,38,72.0,2098,13.6,0.687619549515332
SSP5 delta_T=4 C,38,73.0,2099,13.65,0.6790105560407362
SSP5 delta_T=4 C,38,74.0,2100,13.7,0.6704471356276815
SSP5 delta_T=4 C,39,0.0,2026,10.0,1.0
SSP5 delta_T=4 C,39,1.0,2027,10.05,1.0
SSP5 delta_T=4 C,39,2.0,2028,10.1,1.0
SSP5 delta_T=4 C,39,3.0,2029,10.15,1.0
SSP5 delta_T=4 C,39,4.0,2030,10.2,1.0
SSP5 delta_T=4 C,39,5.0,2031,10.25,1.0
SSP5 delta_T=4 C,39,6.0,2032,10.3,1.0
SSP5 delta_T=4 C,39,7.0,2033,10.35,1.0
SSP5 delta_T=4 C,39,8.0,2034,10.4,1.0
SSP5 delta_T=4 C,39,9.0,2035,10.45,1.0
SSP5 delta_T=4 C,39,10.0,2036,10.5,1.0
SSP5 delta_T=4 C,39,11.0,2037,10.55,1.0
SSP5 delta_T=4 C,39,12.0,2038,10.6,1.0
SSP5 delta_T=4 C,39,13.0,2039,10.65,1.0
SSP5 delta_T=4 C,39,14.0,2040,10.7,1.0
SSP5 delta_T=4 C,39,15.0,2041,10.75,1.0
SSP5 delta_T=4 C,39,16.0,2042,10.8,0.9786511590331344
SSP5 delta_T=4 C,39,17.0,2043,10.85,0.9597828065348093
SSP5 delta_T=4 C,39,18.0,2044,10.9,0.9425302640577363
SSP5 delta_T=4 C,39,19.0,2045,10.95,0.9264756580187802
SSP5 delta_T=4 C,39,20.0,2046,11.0,0.9114152107817066
SSP5 delta_T=4 C,39,21.0,2047,11.05,0.8973449960771968
SSP5 delta_T=4 C,39,22.0,2048,11.1,0.8845915433929543
SSP5 delta_T=4 C,39,23.0,2049,11.15,0.8737247346456607
SSP5 delta_T=4 C,39,24.0,2050,11.2,0.8645422711277155
SSP5 delta_T=4 C,39,25.0,2051,11.25,0.8561414185318293
SSP5 delta_T=4 C,39,26.0,2052,11.3,0.8480002779535941
SSP5 delta_T=4 C,39,27.0,2053,11.35,0.8399518424046392
SSP5 delta_T=4 C,39,28.0,2054,11.4,0.8319497185886752
SSP5 delta_T=4 C,39,29.0,2055,11.45,0.8239805713593581
SSP5 delta_T=4 C,39,30.0,2056,11.5,0.8160402769513406
SSP5 delta_T=4 C,39,31.0,2057,11.55,0.8081275299345345
SSP5 delta_T=4 C,39,32.0,2058,11.6,0.800241983103721
SSP5 delta_T=4 C,39,33.0,2059,11.65,0.7923836437826571
SSP5 delta_T=4 C,39,34.0,2060,11.7,0.7845526577251619
SSP5 delta_T=4 C,39,35.0,2061,11.75,0.7767492261428016
SSP5 delta_T=4 C,39,36.0,2062,11.8,0.7689735724365605
SSP5 delta_T=4 C,39,37.0,2063,11.85,0.7612259285255393
SSP5 delta_T=4 C,39,38.0,2064,11.9,0.7535065291530557
SSP5 delta_T=4 C,39,39.0,2065,11.95,0.7458156094980264
SSP5 delta_T=4 C,39,40.0,2066,12.0,0.7381534041689891
SSP5 delta_T=4 C,39,41.0,2067,12.05,0.7305201467795168
SSP5 delta_T=4 C,39,42.0,2068,12.1,0.7229160697687949
SSP5 delta_T=4 C,39,43.0,2069,12.15,0.7153414043257531
SSP5 delta_T=4 C,39,44.0,2070,12.2,0.7077963803569743
SSP5 delta_T=4 C,39,45.0,2071,12.25,0.700281226473118
SSP5 delta_T=4 C,39,46.0,2072,12.3,0.6927961699831793
SSP5 delta_T=4 C,39,47.0,2073,12.35,0.6853414368920592
SSP5 delta_T=4 C,39,48.0,2074,12.4,0.6779172518995393
SSP5 delta_T=4 C,39,49.0,2075,12.45,0.6705238383998476
SSP5 delta_T=4 C,39,50.0,2076,12.5,0.6631614184814748
SSP5 delta_T=4 C,39,51.0,2077,12.55,0.6558302129270985
SSP5 delta_T=4 C,39,52.0,2078,12.6,0.6485304412135492
SSP5 delta_T=4 C,39,53.0,2079,12.65,0.6412623215117972
SSP5 delta_T=4 C,39,54.0,2080,12.7,0.6340260706869467
SSP5 delta_T=4 C,39,55.0,2081,12.75,0.6268219042982337
SSP5 delta_T=4 C,39,56.0,2082,12.8,0.6196500365990253
SSP5 delta_T=4 C,39,57.0,2083,12.85,0.6125106805368175
SSP5 delta_T=4 C,39,58.0,2084,12.9,0.6054040477532369
SSP5 delta_T=4 C,39,59.0,2085,12.95,0.5983303485840407
SSP5 delta_T=4 C,39,60.0,2086,13.0,0.5912897920591144
SSP5 delta_T=4 C,39,61.0,2087,13.05,0.5842825859024747
SSP5 delta_T=4 C,39,62.0,2088,13.1,0.5773089365322678
SSP5 delta_T=4 C,39,63.0,2089,13.15,0.570369049060769
SSP5 delta_T=4 C,39,64.0,2090,13.2,0.5634631272943845
SSP5 delta_T=4 C,39,65.0,2091,13.25,0.5565913737336495
SSP5 delta_T=4 C,39,66.0,2092,13.3,0.5497539895732299
SSP5 delta_T=4 C,39,67.0,2093,13.35,0.5429511747019207
SSP5 delta_T=4 C,39,68.0,2094,13.4,0.5361831277026464
SSP5 delta_T=4 C,39,69.0,2095,13.45,0.5294500458524627
SSP5 delta_T=4 C,39,70.0,2096,13.5,0.5227521251225541
SSP5 delta_T=4 C,39,71.0,2097,13.55,0.5160895601782348
SSP5 delta_T=4 C,39,72.0,2098,13.6,0.5094625443789494
SSP5 delta_T=4 C,39,73.0,2099,13.65,0.5028712697782725
SSP5 delta_T=4 C,39,74.0,2100,13.7,0.49631592712390765
